2010.11.12 04:00:00.215,0.96784,0.96855,1.50,1.70
2010.11.12 04:00:01.906,0.96793,0.96855,1.50,1.70
2010.11.12 04:00:03.460,0.96793,0.96855,1.50,1.50
2010.11.12 04:00:05.541,0.96794,0.96865,1.50,2.50
2010.11.12 04:00:07.574,0.96794,0.96864,1.50,1.40
2010.11.12 04:00:09.635,0.96794,0.96862,1.50,2.50
2010.11.12 04:00:11.684,0.96794,0.96865,1.50,2.50
2010.11.12 04:00:13.535,0.96794,0.96865,1.50,2.50
2010.11.12 04:00:15.584,0.96794,0.96865,1.50,2.50
2010.11.12 04:00:17.605,0.96794,0.96865,1.50,2.50
2010.11.12 04:00:17.715,0.96803,0.96865,1.50,2.50
2010.11.12 04:00:18.425,0.96794,0.96865,1.50,2.50
2010.11.12 04:00:19.428,0.96803,0.96865,1.50,2.50
2010.11.12 04:00:20.152,0.96794,0.96865,1.50,2.50
2010.11.12 04:00:21.365,0.96803,0.96865,1.50,2.50
2010.11.12 04:00:23.401,0.96803,0.96865,1.50,2.50
2010.11.12 04:00:25.820,0.96803,0.96865,1.50,2.50
2010.11.12 04:00:26.885,0.96822,0.96873,1.50,1.10
2010.11.12 04:00:27.460,0.96814,0.96873,1.50,1.10
2010.11.12 04:00:27.794,0.96814,0.96873,1.50,1.10
2010.11.12 04:00:27.908,0.96803,0.96865,1.70,2.50
2010.11.12 04:00:30.236,0.96794,0.96865,4.00,2.50
2010.11.12 04:00:30.465,0.96794,0.96856,1.70,2.50
2010.11.12 04:00:32.908,0.96793,0.96855,1.80,2.50
2010.11.12 04:00:33.555,0.96793,0.96855,1.80,2.50
2010.11.12 04:00:36.305,0.96793,0.96854,1.80,1.40
2010.11.12 04:00:37.482,0.96793,0.96854,1.50,1.40
2010.11.12 04:00:41.753,0.96793,0.96855,1.50,2.50
2010.11.12 04:00:45.498,0.96793,0.96855,1.60,2.50
2010.11.12 04:00:48.113,0.96793,0.96855,1.70,2.50
2010.11.12 04:00:50.366,0.96793,0.96855,1.50,2.50
2010.11.12 04:00:52.397,0.96793,0.96855,1.50,2.50
2010.11.12 04:00:56.771,0.96793,0.96855,1.50,2.50
2010.11.12 04:00:58.892,0.96793,0.96855,1.50,2.50
2010.11.12 04:01:01.518,0.96793,0.96855,1.50,2.50
2010.11.12 04:01:04.049,0.96793,0.96855,1.50,2.50
2010.11.12 04:01:06.787,0.96784,0.96855,1.80,2.50
2010.11.12 04:01:09.581,0.96784,0.96855,1.80,2.50
2010.11.12 04:01:11.795,0.96784,0.96855,1.80,2.50
2010.11.12 04:01:14.516,0.96793,0.96855,1.50,2.50
2010.11.12 04:01:16.701,0.96793,0.96855,1.50,2.50
2010.11.12 04:01:18.770,0.96793,0.96855,1.50,2.50
2010.11.12 04:01:20.931,0.96793,0.96855,1.80,2.50
2010.11.12 04:01:23.213,0.96793,0.96855,1.80,2.50
2010.11.12 04:01:26.659,0.96793,0.96855,1.70,2.50
2010.11.12 04:01:28.744,0.96793,0.96855,1.70,2.50
2010.11.12 04:01:31.530,0.96793,0.96855,1.70,2.50
2010.11.12 04:01:35.561,0.96793,0.96855,1.70,2.50
2010.11.12 04:01:38.256,0.96793,0.96855,1.70,2.50
2010.11.12 04:01:40.289,0.96793,0.96855,1.70,2.50
2010.11.12 04:01:40.415,0.96793,0.96855,2.00,2.50
2010.11.12 04:01:40.981,0.96793,0.96855,1.50,2.50
2010.11.12 04:01:41.093,0.96774,0.96845,4.70,1.70
2010.11.12 04:01:41.556,0.96764,0.96842,4.70,3.20
2010.11.12 04:01:41.776,0.96764,0.96835,1.90,1.70
2010.11.12 04:01:42.362,0.96774,0.96836,1.50,2.50
2010.11.12 04:01:42.466,0.96764,0.9684,1.90,3.20
2010.11.12 04:01:42.577,0.96774,0.96838,1.50,1.10
2010.11.12 04:01:42.685,0.96774,0.96842,1.50,2.60
2010.11.12 04:01:44.734,0.96774,0.96842,1.50,2.60
2010.11.12 04:01:46.857,0.96774,0.96842,1.50,6.20
2010.11.12 04:01:48.943,0.96774,0.96838,1.50,6.50
2010.11.12 04:01:50.486,0.96764,0.96826,1.50,1.70
2010.11.12 04:01:50.705,0.96754,0.96825,1.90,1.70
2010.11.12 04:01:53.021,0.96754,0.96826,1.50,1.90
2010.11.12 04:01:53.125,0.96764,0.9683,1.50,2.40
2010.11.12 04:01:55.390,0.96764,0.9683,1.50,2.40
2010.11.12 04:01:55.805,0.96764,0.96822,1.50,1.10
2010.11.12 04:01:56.354,0.96754,0.96816,1.50,2.50
2010.11.12 04:01:57.855,0.96773,0.96818,1.50,3.80
2010.11.12 04:02:00.615,0.96773,0.96817,1.50,1.10
2010.11.12 04:02:01.525,0.96754,0.96816,1.50,2.50
2010.11.12 04:02:03.346,0.96754,0.96816,1.50,2.90
2010.11.12 04:02:03.938,0.96754,0.96816,1.50,2.90
2010.11.12 04:02:04.045,0.96744,0.96806,1.70,2.50
2010.11.12 04:02:04.531,0.96744,0.96806,1.90,1.70
2010.11.12 04:02:04.627,0.96744,0.96806,1.50,2.50
2010.11.12 04:02:05.175,0.96744,0.96806,1.50,1.50
2010.11.12 04:02:05.506,0.96745,0.96825,2.50,2.50
2010.11.12 04:02:07.545,0.96755,0.96825,1.50,2.50
2010.11.12 04:02:09.666,0.96747,0.96825,1.10,2.50
2010.11.12 04:02:11.085,0.96745,0.96819,1.90,2.60
2010.11.12 04:02:12.906,0.96755,0.96825,1.50,2.00
2010.11.12 04:02:13.755,0.96745,0.96825,1.50,2.50
2010.11.12 04:02:13.865,0.96745,0.96825,2.30,2.50
2010.11.12 04:02:13.976,0.96747,0.96825,1.70,1.50
2010.11.12 04:02:14.525,0.96745,0.96825,2.30,2.50
2010.11.12 04:02:17.352,0.96745,0.96825,2.30,2.50
2010.11.12 04:02:18.595,0.96745,0.96825,1.90,2.50
2010.11.12 04:02:20.890,0.96745,0.96823,1.90,1.10
2010.11.12 04:02:23.336,0.96745,0.96819,1.50,2.60
2010.11.12 04:02:24.167,0.96745,0.96823,1.60,1.10
2010.11.12 04:02:26.336,0.96755,0.96825,1.50,2.50
2010.11.12 04:02:28.339,0.96755,0.96825,1.70,2.50
2010.11.12 04:02:30.267,0.96765,0.96833,1.50,1.10
2010.11.12 04:02:30.855,0.96759,0.96821,1.50,2.50
2010.11.12 04:02:31.075,0.96759,0.96821,1.70,1.70
2010.11.12 04:02:31.297,0.96765,0.96833,1.50,1.10
2010.11.12 04:02:31.962,0.96784,0.96855,1.50,1.70
2010.11.12 04:02:32.296,0.96784,0.96865,1.70,3.20
2010.11.12 04:02:32.515,0.96794,0.96865,1.50,2.50
2010.11.12 04:02:34.706,0.96794,0.96865,1.50,2.50
2010.11.12 04:02:36.805,0.96794,0.96865,1.50,2.50
2010.11.12 04:02:37.136,0.96794,0.96865,1.70,1.70
2010.11.12 04:02:40.171,0.96794,0.96865,1.70,1.70
2010.11.12 04:02:41.925,0.96784,0.96865,1.70,2.50
2010.11.12 04:02:43.148,0.96784,0.96865,4.00,2.50
2010.11.12 04:02:43.372,0.96784,0.96865,1.80,2.50
2010.11.12 04:02:44.257,0.96794,0.96865,1.50,1.70
2010.11.12 04:02:46.366,0.96794,0.96865,1.60,2.10
2010.11.12 04:02:48.380,0.96794,0.96865,1.70,1.70
2010.11.12 04:02:50.755,0.96794,0.96865,1.80,2.10
2010.11.12 04:02:51.208,0.96794,0.96863,4.20,1.40
2010.11.12 04:02:51.745,0.96794,0.96863,1.70,1.40
2010.11.12 04:02:52.271,0.96793,0.96855,2.60,2.50
2010.11.12 04:02:52.389,0.96794,0.96863,1.60,1.40
2010.11.12 04:02:55.120,0.96794,0.96863,1.80,1.40
2010.11.12 04:02:56.592,0.96794,0.96863,4.20,1.40
2010.11.12 04:02:58.771,0.96794,0.96865,4.20,2.50
2010.11.12 04:03:00.853,0.96794,0.96865,4.20,2.50
2010.11.12 04:03:02.935,0.96814,0.96876,1.50,2.50
2010.11.12 04:03:07.013,0.96814,0.96875,1.50,1.40
2010.11.12 04:03:11.533,0.96814,0.96875,1.50,1.40
2010.11.12 04:03:14.473,0.96814,0.96875,1.50,1.40
2010.11.12 04:03:16.702,0.96814,0.96871,1.50,1.40
2010.11.12 04:03:17.317,0.96799,0.96861,4.50,2.50
2010.11.12 04:03:19.808,0.96802,0.96861,1.50,2.50
2010.11.12 04:03:19.921,0.96814,0.96871,1.50,1.40
2010.11.12 04:03:22.060,0.96814,0.96871,1.50,1.40
2010.11.12 04:03:25.049,0.96814,0.96871,1.50,1.40
2010.11.12 04:03:27.056,0.96814,0.9687,1.50,1.40
2010.11.12 04:03:29.478,0.96814,0.96876,1.50,2.50
2010.11.12 04:03:31.620,0.96814,0.96876,1.50,2.50
2010.11.12 04:03:36.911,0.96814,0.96876,1.50,2.50
2010.11.12 04:03:39.082,0.96814,0.96876,1.50,2.50
2010.11.12 04:03:42.489,0.96814,0.96876,1.50,2.50
2010.11.12 04:03:46.149,0.96814,0.96876,1.50,2.50
2010.11.12 04:03:46.692,0.96804,0.96866,1.50,2.50
2010.11.12 04:03:50.364,0.96804,0.96866,1.50,2.50
2010.11.12 04:03:52.707,0.96804,0.96866,1.50,2.50
2010.11.12 04:03:52.925,0.96814,0.96876,1.50,2.50
2010.11.12 04:03:55.177,0.96814,0.96876,1.50,2.50
2010.11.12 04:03:58.327,0.96814,0.96876,1.50,2.50
2010.11.12 04:04:00.905,0.96814,0.96876,1.50,2.50
2010.11.12 04:04:03.479,0.96814,0.96876,1.50,2.50
2010.11.12 04:04:05.925,0.96814,0.96876,1.50,2.50
2010.11.12 04:04:08.076,0.96814,0.96876,1.50,2.50
2010.11.12 04:04:12.207,0.96814,0.96876,1.50,2.50
2010.11.12 04:04:13.536,0.96817,0.96876,1.40,1.70
2010.11.12 04:04:14.071,0.96833,0.96882,1.50,1.40
2010.11.12 04:04:14.181,0.96834,0.96903,1.50,1.10
2010.11.12 04:04:15.765,0.96833,0.96895,1.50,2.50
2010.11.12 04:04:16.706,0.96834,0.9689,1.50,1.40
2010.11.12 04:04:16.926,0.96813,0.96875,1.70,1.70
2010.11.12 04:04:17.475,0.96813,0.96874,1.50,1.40
2010.11.12 04:04:18.136,0.96814,0.96894,1.90,3.20
2010.11.12 04:04:19.687,0.96833,0.96895,1.50,1.70
2010.11.12 04:04:21.217,0.96833,0.96895,1.50,2.50
2010.11.12 04:04:21.435,0.96833,0.96895,1.50,2.50
2010.11.12 04:04:23.514,0.96833,0.96895,1.50,2.50
2010.11.12 04:04:25.670,0.96833,0.96895,1.50,2.50
2010.11.12 04:04:28.180,0.96833,0.96895,1.50,2.50
2010.11.12 04:04:30.821,0.96833,0.96895,1.50,2.50
2010.11.12 04:04:33.603,0.96833,0.96895,1.50,2.50
2010.11.12 04:04:35.764,0.96833,0.96895,1.70,1.70
2010.11.12 04:04:38.603,0.96833,0.96895,1.70,1.70
2010.11.12 04:04:40.764,0.96833,0.96895,1.70,1.70
2010.11.12 04:04:42.884,0.96833,0.96895,1.70,1.70
2010.11.12 04:04:45.971,0.96833,0.96895,1.70,1.70
2010.11.12 04:04:48.066,0.96833,0.96895,1.70,1.70
2010.11.12 04:04:51.486,0.96833,0.96895,1.70,1.70
2010.11.12 04:04:51.598,0.96844,0.96906,1.50,2.50
2010.11.12 04:04:53.642,0.96844,0.96906,1.50,2.50
2010.11.12 04:04:58.295,0.96844,0.96906,1.50,2.50
2010.11.12 04:05:00.750,0.96844,0.96906,1.50,2.50
2010.11.12 04:05:01.322,0.96843,0.96905,1.50,1.50
2010.11.12 04:05:03.657,0.96843,0.96905,1.50,1.50
2010.11.12 04:05:06.544,0.96843,0.96905,1.50,1.50
2010.11.12 04:05:09.004,0.96844,0.96906,1.50,1.70
2010.11.12 04:05:11.508,0.96844,0.96906,1.50,2.10
2010.11.12 04:05:12.145,0.96833,0.96895,1.70,1.50
2010.11.12 04:05:15.584,0.96833,0.96895,1.50,1.70
2010.11.12 04:05:17.655,0.96833,0.96895,1.50,1.70
2010.11.12 04:05:19.685,0.96833,0.96895,1.70,1.50
2010.11.12 04:05:22.336,0.96833,0.96895,1.70,1.50
2010.11.12 04:05:24.535,0.96833,0.96895,1.70,1.50
2010.11.12 04:05:25.566,0.96834,0.96904,1.70,2.10
2010.11.12 04:05:26.255,0.96833,0.96895,1.70,1.50
2010.11.12 04:05:28.608,0.96833,0.96895,1.70,1.50
2010.11.12 04:05:31.671,0.96833,0.96895,1.70,1.50
2010.11.12 04:05:33.713,0.96833,0.96895,1.70,1.50
2010.11.12 04:05:36.024,0.96833,0.96895,1.70,1.50
2010.11.12 04:05:37.525,0.96843,0.96905,1.50,2.10
2010.11.12 04:05:38.456,0.96833,0.96895,1.70,1.50
2010.11.12 04:05:39.445,0.96843,0.96907,1.50,2.60
2010.11.12 04:05:40.727,0.96843,0.96909,1.50,1.40
2010.11.12 04:05:43.118,0.96838,0.969,1.50,1.90
2010.11.12 04:05:45.513,0.96834,0.96904,1.70,2.10
2010.11.12 04:05:48.376,0.96834,0.96904,1.70,2.10
2010.11.12 04:05:50.578,0.96834,0.96904,1.70,1.70
2010.11.12 04:05:51.257,0.96834,0.96904,2.50,1.50
2010.11.12 04:05:52.040,0.96834,0.96904,1.50,1.70
2010.11.12 04:05:54.092,0.96834,0.96904,1.50,1.70
2010.11.12 04:05:54.206,0.96843,0.96905,1.50,1.50
2010.11.12 04:05:57.028,0.96843,0.96905,1.50,1.50
2010.11.12 04:05:59.557,0.96843,0.96905,1.50,1.50
2010.11.12 04:06:02.452,0.96843,0.96905,1.50,1.50
2010.11.12 04:06:04.436,0.96843,0.96905,1.50,1.50
2010.11.12 04:06:06.588,0.96843,0.96905,1.50,1.50
2010.11.12 04:06:08.604,0.96843,0.96905,1.50,1.50
2010.11.12 04:06:10.676,0.96843,0.96905,1.70,1.50
2010.11.12 04:06:12.748,0.96843,0.96905,1.50,1.50
2010.11.12 04:06:15.455,0.96843,0.96905,1.50,1.50
2010.11.12 04:06:17.489,0.96843,0.96905,1.70,1.50
2010.11.12 04:06:19.910,0.96843,0.96905,1.70,1.50
2010.11.12 04:06:20.681,0.96843,0.96905,1.70,1.50
2010.11.12 04:06:23.177,0.96843,0.96905,1.80,1.50
2010.11.12 04:06:25.458,0.96853,0.96915,1.50,2.90
2010.11.12 04:06:27.021,0.96843,0.96905,1.60,1.70
2010.11.12 04:06:29.393,0.96843,0.96905,1.70,1.70
2010.11.12 04:06:31.482,0.96843,0.96905,1.50,1.70
2010.11.12 04:06:33.515,0.96843,0.96905,1.70,1.70
2010.11.12 04:06:33.958,0.96844,0.96914,1.70,4.70
2010.11.12 04:06:34.855,0.96834,0.96904,1.80,1.70
2010.11.12 04:06:36.835,0.96834,0.96904,1.90,5.30
2010.11.12 04:06:37.265,0.96834,0.96904,1.80,2.10
2010.11.12 04:06:39.732,0.96834,0.96904,1.80,2.10
2010.11.12 04:06:42.466,0.96834,0.96904,1.70,2.10
2010.11.12 04:06:46.171,0.96834,0.96904,1.70,2.10
2010.11.12 04:06:48.203,0.96834,0.96904,1.90,1.70
2010.11.12 04:06:49.176,0.96863,0.96908,1.50,2.70
2010.11.12 04:06:49.837,0.9684,0.96914,1.10,2.90
2010.11.12 04:06:50.585,0.96844,0.96914,1.70,2.10
2010.11.12 04:06:52.680,0.96844,0.96914,1.80,2.10
2010.11.12 04:06:54.980,0.96843,0.96905,1.50,1.50
2010.11.12 04:06:57.488,0.96843,0.96905,1.50,1.50
2010.11.12 04:06:59.539,0.96843,0.96905,1.50,1.50
2010.11.12 04:07:02.510,0.96843,0.96905,1.50,1.50
2010.11.12 04:07:05.107,0.96843,0.96905,1.50,1.50
2010.11.12 04:07:07.424,0.96843,0.96905,1.50,1.50
2010.11.12 04:07:12.510,0.96843,0.96905,1.50,1.50
2010.11.12 04:07:14.605,0.96848,0.9691,1.50,1.70
2010.11.12 04:07:16.909,0.96843,0.96905,1.50,1.50
2010.11.12 04:07:18.922,0.96843,0.96905,1.50,1.50
2010.11.12 04:07:21.758,0.96843,0.96905,1.50,1.50
2010.11.12 04:07:23.927,0.96843,0.96905,1.50,1.50
2010.11.12 04:07:27.548,0.96843,0.96905,1.50,1.50
2010.11.12 04:07:31.586,0.96843,0.96905,1.50,1.50
2010.11.12 04:07:33.839,0.96843,0.96905,1.50,1.50
2010.11.12 04:07:37.026,0.96843,0.96905,1.50,1.60
2010.11.12 04:07:39.323,0.96843,0.96905,1.50,1.70
2010.11.12 04:07:41.899,0.96843,0.96905,1.50,1.50
2010.11.12 04:07:43.974,0.96843,0.96905,1.50,1.50
2010.11.12 04:07:47.037,0.96843,0.96905,1.50,1.50
2010.11.12 04:07:52.580,0.96843,0.96905,1.50,1.50
2010.11.12 04:07:55.794,0.96843,0.96905,1.50,1.50
2010.11.12 04:07:58.999,0.96843,0.96905,1.50,1.50
2010.11.12 04:08:01.618,0.96843,0.96905,1.50,1.50
2010.11.12 04:08:04.010,0.96843,0.96905,1.50,1.50
2010.11.12 04:08:07.607,0.96843,0.96905,1.50,1.50
2010.11.12 04:08:10.092,0.96843,0.96905,1.50,1.50
2010.11.12 04:08:12.621,0.96843,0.96905,1.50,1.50
2010.11.12 04:08:15.283,0.96843,0.96905,1.50,1.50
2010.11.12 04:08:17.327,0.96843,0.96905,1.50,1.50
2010.11.12 04:08:20.256,0.96843,0.96905,1.50,1.50
2010.11.12 04:08:22.736,0.96843,0.96905,1.50,1.50
2010.11.12 04:08:24.763,0.96843,0.96905,1.50,1.50
2010.11.12 04:08:27.667,0.96843,0.96905,1.50,1.50
2010.11.12 04:08:30.104,0.96838,0.969,1.70,1.50
2010.11.12 04:08:32.207,0.96833,0.96895,1.70,1.70
2010.11.12 04:08:32.676,0.96844,0.96898,1.50,1.50
2010.11.12 04:08:34.545,0.96833,0.96895,1.90,1.70
2010.11.12 04:08:35.057,0.96839,0.969,1.10,1.70
2010.11.12 04:08:37.654,0.96843,0.96905,1.70,1.50
2010.11.12 04:08:40.115,0.96843,0.96905,1.90,1.50
2010.11.12 04:08:41.526,0.96844,0.96905,6.70,1.50
2010.11.12 04:08:42.091,0.96853,0.96915,1.50,1.70
2010.11.12 04:08:42.196,0.96844,0.96914,1.90,2.10
2010.11.12 04:08:42.308,0.96844,0.96914,4.30,2.10
2010.11.12 04:08:42.746,0.96853,0.96915,1.70,2.10
2010.11.12 04:08:44.807,0.96848,0.9691,1.50,1.50
2010.11.12 04:08:47.244,0.96848,0.9691,1.70,1.50
2010.11.12 04:08:50.757,0.96848,0.9691,1.60,1.50
2010.11.12 04:08:52.215,0.96843,0.96905,2.00,1.70
2010.11.12 04:08:55.174,0.96843,0.96905,1.70,1.70
2010.11.12 04:08:57.942,0.96843,0.96905,1.70,1.70
2010.11.12 04:08:59.985,0.96843,0.96905,1.70,1.70
2010.11.12 04:09:02.441,0.96843,0.96905,1.90,1.70
2010.11.12 04:09:04.898,0.96844,0.96912,1.70,1.40
2010.11.12 04:09:06.903,0.96843,0.96905,1.50,1.70
2010.11.12 04:09:07.347,0.96834,0.96896,1.70,2.50
2010.11.12 04:09:07.457,0.96834,0.96894,1.50,1.40
2010.11.12 04:09:09.496,0.96834,0.96896,1.50,2.10
2010.11.12 04:09:11.506,0.96834,0.96896,1.50,2.90
2010.11.12 04:09:14.157,0.96834,0.96896,1.50,2.10
2010.11.12 04:09:16.336,0.96834,0.96896,1.50,2.10
2010.11.12 04:09:16.556,0.96843,0.96902,1.50,2.30
2010.11.12 04:09:18.638,0.96844,0.96914,1.50,2.90
2010.11.12 04:09:19.619,0.96844,0.96914,1.50,2.10
2010.11.12 04:09:21.621,0.96845,0.96914,1.40,1.90
2010.11.12 04:09:23.429,0.96844,0.96914,1.50,2.50
2010.11.12 04:09:23.645,0.96834,0.96896,1.50,2.90
2010.11.12 04:09:24.418,0.96834,0.96905,1.70,1.70
2010.11.12 04:09:26.455,0.96834,0.96905,1.70,1.70
2010.11.12 04:09:29.184,0.96834,0.96905,1.70,1.70
2010.11.12 04:09:32.057,0.96834,0.96905,1.70,1.70
2010.11.12 04:09:34.195,0.96834,0.96905,1.70,1.70
2010.11.12 04:09:37.762,0.96834,0.96905,1.70,1.70
2010.11.12 04:09:39.872,0.96834,0.96905,1.70,1.70
2010.11.12 04:09:42.364,0.96834,0.96905,2.10,1.70
2010.11.12 04:09:46.911,0.96834,0.96905,2.10,1.70
2010.11.12 04:09:48.789,0.96834,0.96905,2.10,1.70
2010.11.12 04:09:51.004,0.96834,0.96905,2.10,1.70
2010.11.12 04:09:52.011,0.96834,0.96896,1.90,1.70
2010.11.12 04:09:54.654,0.96834,0.96896,1.50,1.70
2010.11.12 04:09:55.496,0.96824,0.96886,2.30,1.50
2010.11.12 04:09:55.716,0.96824,0.96886,1.50,1.50
2010.11.12 04:09:57.894,0.96819,0.96881,2.10,1.50
2010.11.12 04:10:00.129,0.96819,0.96881,2.10,1.50
2010.11.12 04:10:00.347,0.96834,0.96896,1.50,2.10
2010.11.12 04:10:01.280,0.96834,0.96905,1.50,1.70
2010.11.12 04:10:04.249,0.96834,0.96905,1.50,1.70
2010.11.12 04:10:06.725,0.96834,0.96905,1.50,1.70
2010.11.12 04:10:06.839,0.96829,0.96891,1.50,1.50
2010.11.12 04:10:08.228,0.96834,0.96905,1.50,1.70
2010.11.12 04:10:10.296,0.96834,0.96905,1.50,1.70
2010.11.12 04:10:12.827,0.96834,0.96905,1.50,1.70
2010.11.12 04:10:15.155,0.96834,0.96905,1.50,1.70
2010.11.12 04:10:17.834,0.96834,0.96905,1.50,1.70
2010.11.12 04:10:20.858,0.96834,0.96905,1.50,1.70
2010.11.12 04:10:24.992,0.96834,0.96905,1.50,1.70
2010.11.12 04:10:27.831,0.96834,0.96905,1.50,1.70
2010.11.12 04:10:30.108,0.96834,0.96905,1.50,1.70
2010.11.12 04:10:32.510,0.96834,0.96905,1.50,1.80
2010.11.12 04:10:34.674,0.96826,0.96905,1.10,1.80
2010.11.12 04:10:37.280,0.96834,0.96905,1.50,1.80
2010.11.12 04:10:39.323,0.96826,0.96905,1.10,1.80
2010.11.12 04:10:41.356,0.96834,0.96905,1.50,1.80
2010.11.12 04:10:42.987,0.96834,0.96902,1.50,1.10
2010.11.12 04:10:43.561,0.96824,0.96886,1.50,1.70
2010.11.12 04:10:45.593,0.96819,0.96881,2.10,1.50
2010.11.12 04:10:45.706,0.96821,0.96881,1.50,1.50
2010.11.12 04:10:45.927,0.96834,0.96896,1.50,1.50
2010.11.12 04:10:46.038,0.96825,0.96902,2.10,1.40
2010.11.12 04:10:46.145,0.96834,0.96902,1.50,1.40
2010.11.12 04:10:48.740,0.96834,0.96902,1.50,1.10
2010.11.12 04:10:50.836,0.96834,0.96902,1.50,1.10
2010.11.12 04:10:51.767,0.96829,0.96891,1.50,1.50
2010.11.12 04:10:52.557,0.96825,0.96895,2.10,1.50
2010.11.12 04:10:54.910,0.96825,0.96895,2.20,1.50
2010.11.12 04:10:55.517,0.96834,0.96896,1.50,1.50
2010.11.12 04:10:57.578,0.96828,0.96902,1.30,1.10
2010.11.12 04:10:58.410,0.96824,0.96886,1.50,1.70
2010.11.12 04:11:00.655,0.96819,0.96881,2.10,1.50
2010.11.12 04:11:00.880,0.96834,0.96896,1.50,1.90
2010.11.12 04:11:01.680,0.96825,0.96901,2.10,1.10
2010.11.12 04:11:03.157,0.96834,0.96901,1.50,1.10
2010.11.12 04:11:05.639,0.96834,0.96901,1.50,1.10
2010.11.12 04:11:07.928,0.96834,0.96901,1.50,1.10
2010.11.12 04:11:10.379,0.96825,0.96903,4.70,1.10
2010.11.12 04:11:12.927,0.96826,0.96901,1.50,1.10
2010.11.12 04:11:15.017,0.96834,0.96902,1.70,1.10
2010.11.12 04:11:17.951,0.96834,0.96901,1.50,1.10
2010.11.12 04:11:21.253,0.96834,0.96901,1.50,1.10
2010.11.12 04:11:24.411,0.96834,0.96901,1.50,1.10
2010.11.12 04:11:26.896,0.96834,0.96901,1.50,1.10
2010.11.12 04:11:29.034,0.96834,0.96901,1.50,1.10
2010.11.12 04:11:31.561,0.96825,0.96901,5.10,1.10
2010.11.12 04:11:34.441,0.96825,0.96901,5.10,1.10
2010.11.12 04:11:36.732,0.96834,0.96901,1.50,1.10
2010.11.12 04:11:38.047,0.96829,0.96905,1.50,2.50
2010.11.12 04:11:38.376,0.96843,0.96905,1.50,2.10
2010.11.12 04:11:41.105,0.96843,0.96905,1.50,2.10
2010.11.12 04:11:41.326,0.96843,0.96904,1.50,1.40
2010.11.12 04:11:43.737,0.96834,0.96904,4.30,1.40
2010.11.12 04:11:46.807,0.96825,0.96904,10.00,1.40
2010.11.12 04:11:49.348,0.96825,0.96904,10.00,1.40
2010.11.12 04:11:51.493,0.96834,0.96903,1.70,1.40
2010.11.12 04:11:53.614,0.96834,0.96903,1.70,1.40
2010.11.12 04:11:56.375,0.96834,0.96903,1.70,1.40
2010.11.12 04:11:59.395,0.96834,0.96901,1.70,1.40
2010.11.12 04:12:02.469,0.96834,0.96901,1.70,1.40
2010.11.12 04:12:02.581,0.96825,0.96895,4.40,1.50
2010.11.12 04:12:04.910,0.96834,0.96896,2.00,1.50
2010.11.12 04:12:07.713,0.96835,0.96905,4.10,1.70
2010.11.12 04:12:09.832,0.96835,0.96905,4.10,1.70
2010.11.12 04:12:12.015,0.96835,0.96903,1.60,1.10
2010.11.12 04:12:14.523,0.96835,0.96903,1.60,1.10
2010.11.12 04:12:16.559,0.96835,0.96903,1.60,1.10
2010.11.12 04:12:19.888,0.96835,0.96905,1.90,1.80
2010.11.12 04:12:21.942,0.96835,0.96905,1.90,1.70
2010.11.12 04:12:22.989,0.96849,0.96911,1.50,2.00
2010.11.12 04:12:24.967,0.96849,0.96911,2.50,1.90
2010.11.12 04:12:28.079,0.9685,0.96911,1.40,1.90
2010.11.12 04:12:28.546,0.9685,0.96911,1.40,1.90
2010.11.12 04:12:31.342,0.96849,0.96911,2.50,1.90
2010.11.12 04:12:31.788,0.96849,0.96911,2.50,1.70
2010.11.12 04:12:34.983,0.96859,0.96916,1.40,1.80
2010.11.12 04:12:38.093,0.96859,0.96916,1.40,1.80
2010.11.12 04:12:38.706,0.96873,0.96918,1.50,1.40
2010.11.12 04:12:41.889,0.96873,0.96918,1.50,1.40
2010.11.12 04:12:42.655,0.96859,0.96916,1.40,1.80
2010.11.12 04:12:45.238,0.96859,0.96918,2.90,1.40
2010.11.12 04:12:48.544,0.96859,0.96918,2.90,1.40
2010.11.12 04:12:50.673,0.96859,0.96918,2.90,1.40
2010.11.12 04:12:52.776,0.96854,0.96916,2.50,4.30
2010.11.12 04:12:54.979,0.96859,0.9692,1.70,1.90
2010.11.12 04:12:57.399,0.96859,0.96916,1.70,1.70
2010.11.12 04:12:57.516,0.96825,0.96895,6.40,1.70
2010.11.12 04:12:59.595,0.96834,0.96896,1.50,1.50
2010.11.12 04:13:02.808,0.96834,0.96896,1.70,1.50
2010.11.12 04:13:05.853,0.96834,0.96896,1.70,1.50
2010.11.12 04:13:06.523,0.96843,0.96905,1.70,1.70
2010.11.12 04:13:08.619,0.96843,0.96905,1.70,1.70
2010.11.12 04:13:13.161,0.96843,0.96905,1.80,1.70
2010.11.12 04:13:16.285,0.96843,0.96905,1.80,1.70
2010.11.12 04:13:19.297,0.96843,0.96905,1.80,1.70
2010.11.12 04:13:19.843,0.96847,0.96912,1.10,2.30
2010.11.12 04:13:23.159,0.96854,0.96924,1.70,6.20
2010.11.12 04:13:26.308,0.96854,0.96924,1.70,6.20
2010.11.12 04:13:29.232,0.96854,0.96924,1.70,6.20
2010.11.12 04:13:31.294,0.96854,0.96924,1.70,6.20
2010.11.12 04:13:35.103,0.96854,0.96924,1.70,6.20
2010.11.12 04:13:38.190,0.96854,0.96924,1.70,6.20
2010.11.12 04:13:39.837,0.96844,0.96915,2.90,1.60
2010.11.12 04:13:41.926,0.96854,0.96924,1.70,2.00
2010.11.12 04:13:42.476,0.96853,0.96915,1.70,1.50
2010.11.12 04:13:44.689,0.96853,0.96915,1.90,1.50
2010.11.12 04:13:46.058,0.96853,0.96915,1.50,2.50
2010.11.12 04:13:48.216,0.96844,0.96915,4.50,2.50
2010.11.12 04:13:51.827,0.96844,0.96914,4.50,1.10
2010.11.12 04:13:54.847,0.96844,0.96914,4.50,1.10
2010.11.12 04:13:58.230,0.96844,0.96914,4.50,1.10
2010.11.12 04:14:00.259,0.96844,0.96914,4.50,1.10
2010.11.12 04:14:02.748,0.96844,0.96914,4.50,1.10
2010.11.12 04:14:05.183,0.96844,0.96914,4.50,1.10
2010.11.12 04:14:07.547,0.96844,0.96914,2.20,1.10
2010.11.12 04:14:09.738,0.96844,0.96911,2.10,2.60
2010.11.12 04:14:12.284,0.96844,0.96915,2.90,2.40
2010.11.12 04:14:14.584,0.96844,0.96915,2.90,3.90
2010.11.12 04:14:16.598,0.96844,0.96915,2.90,3.90
2010.11.12 04:14:18.612,0.96844,0.96915,2.90,3.90
2010.11.12 04:14:20.935,0.96844,0.96915,2.90,3.90
2010.11.12 04:14:23.416,0.96844,0.96915,2.90,3.90
2010.11.12 04:14:23.930,0.96844,0.96915,2.90,4.10
2010.11.12 04:14:25.110,0.96854,0.96921,1.50,2.80
2010.11.12 04:14:27.899,0.96854,0.96921,1.50,2.80
2010.11.12 04:14:30.030,0.96854,0.96924,1.50,4.30
2010.11.12 04:14:32.092,0.96854,0.96924,1.50,1.80
2010.11.12 04:14:34.126,0.96854,0.96924,1.50,4.10
2010.11.12 04:14:36.494,0.96854,0.96924,1.90,4.10
2010.11.12 04:14:38.744,0.96854,0.96924,1.90,4.10
2010.11.12 04:14:40.836,0.96854,0.96924,1.50,4.10
2010.11.12 04:14:43.299,0.96854,0.96924,1.50,4.10
2010.11.12 04:14:45.390,0.96854,0.96924,1.50,4.10
2010.11.12 04:14:46.745,0.96854,0.96921,1.50,6.00
2010.11.12 04:14:48.873,0.96854,0.96924,1.50,4.20
2010.11.12 04:14:51.053,0.96854,0.96924,1.50,4.20
2010.11.12 04:14:53.293,0.96854,0.96924,1.90,4.20
2010.11.12 04:14:55.311,0.96854,0.96924,1.90,4.30
2010.11.12 04:14:57.671,0.96854,0.96924,1.90,4.40
2010.11.12 04:15:00.307,0.96854,0.96924,1.90,4.40
2010.11.12 04:15:02.275,0.96854,0.96924,1.50,4.40
2010.11.12 04:15:05.283,0.96854,0.96924,1.50,4.40
2010.11.12 04:15:06.947,0.96845,0.96915,1.70,2.40
2010.11.12 04:15:09.285,0.96845,0.96915,1.70,1.10
2010.11.12 04:15:11.296,0.96844,0.96917,2.30,6.50
2010.11.12 04:15:13.351,0.96844,0.96914,1.90,11.90
2010.11.12 04:15:14.981,0.96844,0.96914,2.30,11.90
2010.11.12 04:15:15.089,0.96846,0.96914,1.50,3.90
2010.11.12 04:15:15.417,0.96853,0.96915,1.50,1.70
2010.11.12 04:15:15.527,0.96853,0.9691,1.50,1.10
2010.11.12 04:15:16.082,0.96834,0.96904,1.90,2.50
2010.11.12 04:15:18.299,0.96834,0.96904,1.90,6.20
2010.11.12 04:15:20.305,0.96834,0.96904,1.90,6.50
2010.11.12 04:15:21.434,0.96843,0.96904,1.50,6.20
2010.11.12 04:15:21.548,0.96834,0.96909,1.90,6.50
2010.11.12 04:15:24.127,0.96834,0.96904,1.90,6.20
2010.11.12 04:15:24.438,0.96843,0.96904,1.50,6.20
2010.11.12 04:15:26.554,0.96834,0.9691,4.60,2.30
2010.11.12 04:15:28.577,0.96844,0.9691,1.90,1.10
2010.11.12 04:15:31.399,0.96844,0.9691,1.90,1.10
2010.11.12 04:15:33.451,0.96838,0.96905,1.10,1.70
2010.11.12 04:15:35.549,0.96844,0.96915,2.00,4.10
2010.11.12 04:15:37.380,0.96854,0.96915,1.50,6.00
2010.11.12 04:15:39.324,0.96844,0.96915,1.90,4.10
2010.11.12 04:15:42.383,0.96844,0.96915,1.90,4.30
2010.11.12 04:15:44.946,0.96844,0.96915,2.10,4.30
2010.11.12 04:15:47.977,0.96844,0.96915,2.10,4.30
2010.11.12 04:15:48.196,0.96854,0.96913,1.50,1.30
2010.11.12 04:15:49.400,0.96853,0.96915,1.50,4.70
2010.11.12 04:15:49.959,0.96843,0.96905,1.90,1.90
2010.11.12 04:15:51.982,0.96843,0.96905,1.90,1.90
2010.11.12 04:15:54.483,0.96843,0.96905,1.90,1.90
2010.11.12 04:15:56.589,0.96843,0.96905,1.90,1.90
2010.11.12 04:15:58.677,0.96843,0.96905,1.50,1.70
2010.11.12 04:16:00.726,0.96843,0.96905,1.50,1.80
2010.11.12 04:16:03.370,0.96853,0.96915,1.50,4.30
2010.11.12 04:16:05.536,0.96853,0.96915,1.50,4.10
2010.11.12 04:16:07.486,0.96844,0.96915,1.70,4.30
2010.11.12 04:16:09.982,0.96844,0.96915,1.70,4.30
2010.11.12 04:16:12.400,0.96844,0.96915,1.70,1.90
2010.11.12 04:16:12.618,0.96853,0.96915,1.50,4.30
2010.11.12 04:16:12.726,0.96844,0.96914,1.50,4.30
2010.11.12 04:16:14.995,0.96844,0.96914,1.50,4.30
2010.11.12 04:16:17.262,0.96844,0.96914,1.50,4.30
2010.11.12 04:16:18.778,0.96837,0.96914,1.10,4.10
2010.11.12 04:16:20.781,0.96844,0.96914,1.50,4.10
2010.11.12 04:16:23.314,0.96844,0.96914,1.90,4.10
2010.11.12 04:16:27.755,0.96844,0.96914,1.90,4.10
2010.11.12 04:16:29.835,0.96844,0.96914,1.90,4.10
2010.11.12 04:16:31.430,0.96844,0.96909,1.90,1.10
2010.11.12 04:16:33.493,0.96843,0.96905,1.90,1.90
2010.11.12 04:16:36.552,0.96843,0.96905,1.50,1.90
2010.11.12 04:16:40.050,0.96843,0.96905,1.50,1.90
2010.11.12 04:16:42.050,0.96834,0.96896,1.90,1.50
2010.11.12 04:16:44.397,0.96844,0.96906,1.50,4.10
2010.11.12 04:16:46.896,0.96844,0.96903,1.50,6.50
2010.11.12 04:16:49.156,0.96844,0.96898,1.50,2.40
2010.11.12 04:16:50.245,0.96834,0.96896,1.90,1.80
2010.11.12 04:16:50.360,0.96844,0.96901,1.50,2.30
2010.11.12 04:16:52.552,0.96831,0.96886,1.40,1.50
2010.11.12 04:16:52.805,0.96844,0.96898,1.50,1.40
2010.11.12 04:16:54.682,0.96844,0.96898,1.50,1.60
2010.11.12 04:16:56.949,0.96844,0.96898,1.50,1.90
2010.11.12 04:17:00.105,0.96844,0.96893,1.50,1.10
2010.11.12 04:17:01.591,0.96844,0.969,1.50,2.60
2010.11.12 04:17:05.087,0.96844,0.969,1.50,2.60
2010.11.12 04:17:07.130,0.96844,0.96895,1.50,1.10
2010.11.12 04:17:10.105,0.96844,0.96895,1.50,1.10
2010.11.12 04:17:12.168,0.96844,0.96895,1.50,1.10
2010.11.12 04:17:15.119,0.96844,0.96895,1.50,1.10
2010.11.12 04:17:18.576,0.96844,0.96895,1.50,1.10
2010.11.12 04:17:21.387,0.96844,0.96895,1.50,1.10
2010.11.12 04:17:23.576,0.96844,0.96895,1.50,1.10
2010.11.12 04:17:26.314,0.96844,0.96895,1.50,1.10
2010.11.12 04:17:29.040,0.96844,0.96895,1.50,1.10
2010.11.12 04:17:30.576,0.96834,0.96895,1.50,1.10
2010.11.12 04:17:32.363,0.96844,0.96895,1.50,2.40
2010.11.12 04:17:33.249,0.96834,0.96895,1.90,2.40
2010.11.12 04:17:33.900,0.96844,0.96896,1.50,1.10
2010.11.12 04:17:34.008,0.96833,0.96895,1.90,4.10
2010.11.12 04:17:38.607,0.96838,0.96896,1.50,2.30
2010.11.12 04:17:40.723,0.96838,0.96897,1.90,1.10
2010.11.12 04:17:43.610,0.96838,0.96896,1.90,1.10
2010.11.12 04:17:45.676,0.96843,0.96898,1.50,1.10
2010.11.12 04:17:48.266,0.96843,0.96898,1.50,1.10
2010.11.12 04:17:50.385,0.96838,0.96898,1.90,1.10
2010.11.12 04:17:52.516,0.96833,0.96895,1.90,1.80
2010.11.12 04:17:52.626,0.96833,0.96893,2.30,1.10
2010.11.12 04:17:55.184,0.96833,0.96893,2.30,1.10
2010.11.12 04:17:56.826,0.96844,0.96893,1.50,1.10
2010.11.12 04:17:58.629,0.96833,0.96893,2.30,1.10
2010.11.12 04:18:00.630,0.96833,0.96887,2.30,1.10
2010.11.12 04:18:00.846,0.96828,0.9689,2.20,2.50
2010.11.12 04:18:02.491,0.96828,0.9689,2.10,2.50
2010.11.12 04:18:04.202,0.96844,0.96893,1.50,1.10
2010.11.12 04:18:06.607,0.96844,0.96897,1.50,1.10
2010.11.12 04:18:08.138,0.96833,0.96895,2.40,2.50
2010.11.12 04:18:10.215,0.96838,0.96893,1.90,1.10
2010.11.12 04:18:11.851,0.96838,0.96895,1.90,1.10
2010.11.12 04:18:12.347,0.96844,0.96895,1.50,1.10
2010.11.12 04:18:14.708,0.96844,0.96895,1.50,1.10
2010.11.12 04:18:18.704,0.96844,0.96895,1.50,1.10
2010.11.12 04:18:22.099,0.96844,0.96895,1.50,1.10
2010.11.12 04:18:24.189,0.96838,0.96895,1.90,1.10
2010.11.12 04:18:25.077,0.96828,0.9689,2.40,2.90
2010.11.12 04:18:28.711,0.96828,0.9689,4.60,2.90
2010.11.12 04:18:31.589,0.96828,0.9689,4.60,2.90
2010.11.12 04:18:31.744,0.96843,0.9689,1.50,1.40
2010.11.12 04:18:35.305,0.96843,0.9689,1.50,1.40
2010.11.12 04:18:35.845,0.96828,0.9689,4.60,2.90
2010.11.12 04:18:36.056,0.96843,0.9689,1.50,1.40
2010.11.12 04:18:36.831,0.96828,0.9689,4.60,2.90
2010.11.12 04:18:40.310,0.96828,0.9689,4.60,2.90
2010.11.12 04:18:43.516,0.96829,0.9689,1.50,2.90
2010.11.12 04:18:46.769,0.96828,0.96887,2.40,1.10
2010.11.12 04:18:48.696,0.9683,0.9689,1.40,2.50
2010.11.12 04:18:51.035,0.96838,0.9689,1.50,1.10
2010.11.12 04:18:53.751,0.96838,0.9689,1.50,1.10
2010.11.12 04:18:56.206,0.96838,0.96898,1.50,2.80
2010.11.12 04:18:58.009,0.96825,0.96893,2.30,1.10
2010.11.12 04:18:58.798,0.96825,0.96884,1.90,1.40
2010.11.12 04:18:59.238,0.96825,0.9689,2.10,1.10
2010.11.12 04:18:59.998,0.96825,0.96887,2.30,1.10
2010.11.12 04:19:01.727,0.96825,0.96892,2.50,1.10
2010.11.12 04:19:03.756,0.96834,0.96892,1.50,1.10
2010.11.12 04:19:04.447,0.96834,0.96887,1.50,1.10
2010.11.12 04:19:08.769,0.96834,0.96882,1.50,1.10
2010.11.12 04:19:10.801,0.96834,0.96882,1.50,1.10
2010.11.12 04:19:12.258,0.96834,0.96888,1.70,2.30
2010.11.12 04:19:14.494,0.96834,0.96888,1.50,1.10
2010.11.12 04:19:18.323,0.96834,0.96888,1.50,1.10
2010.11.12 04:19:20.381,0.96834,0.96888,1.50,1.10
2010.11.12 04:19:20.978,0.96834,0.96892,1.50,1.10
2010.11.12 04:19:21.567,0.96824,0.96886,4.60,2.50
2010.11.12 04:19:23.800,0.96824,0.96886,1.50,2.50
2010.11.12 04:19:26.015,0.96824,0.96886,1.50,2.50
2010.11.12 04:19:28.698,0.96824,0.96886,1.60,2.50
2010.11.12 04:19:28.919,0.96834,0.96887,1.50,1.10
2010.11.12 04:19:31.641,0.96834,0.96889,1.50,1.10
2010.11.12 04:19:32.192,0.96838,0.96898,1.50,1.10
2010.11.12 04:19:34.248,0.96843,0.96903,1.50,1.10
2010.11.12 04:19:34.801,0.96843,0.96898,1.50,1.10
2010.11.12 04:19:37.793,0.96843,0.96897,1.50,1.10
2010.11.12 04:19:38.610,0.96843,0.96905,1.70,2.00
2010.11.12 04:19:40.861,0.96834,0.96904,2.10,4.30
2010.11.12 04:19:42.931,0.96843,0.96899,1.50,1.10
2010.11.12 04:19:43.587,0.96843,0.96903,1.50,7.00
2010.11.12 04:19:44.367,0.96843,0.96902,1.50,6.20
2010.11.12 04:19:45.887,0.96834,0.96899,2.10,6.20
2010.11.12 04:19:46.107,0.96843,0.96903,1.50,6.50
2010.11.12 04:19:47.576,0.96853,0.96912,1.90,1.10
2010.11.12 04:19:49.610,0.96843,0.96905,1.70,1.80
2010.11.12 04:19:52.262,0.96853,0.96913,1.90,7.00
2010.11.12 04:19:52.918,0.96863,0.96911,1.50,1.10
2010.11.12 04:19:55.113,0.96863,0.96914,1.50,2.40
2010.11.12 04:19:57.563,0.96873,0.96919,1.50,2.30
2010.11.12 04:19:59.825,0.96873,0.96919,1.50,2.30
2010.11.12 04:20:01.601,0.96853,0.96912,2.10,2.40
2010.11.12 04:20:01.709,0.96848,0.9691,2.30,2.50
2010.11.12 04:20:01.929,0.96848,0.96908,1.50,2.50
2010.11.12 04:20:04.233,0.96853,0.9691,1.50,1.10
2010.11.12 04:20:06.748,0.96853,0.9691,1.50,1.10
2010.11.12 04:20:08.865,0.96853,0.9691,1.50,2.40
2010.11.12 04:20:11.782,0.96853,0.9691,1.50,1.10
2010.11.12 04:20:13.875,0.96853,0.9691,1.50,2.40
2010.11.12 04:20:15.956,0.96853,0.9691,1.50,2.40
2010.11.12 04:20:18.164,0.96853,0.9691,1.50,2.30
2010.11.12 04:20:20.499,0.96853,0.9691,1.50,2.30
2010.11.12 04:20:23.416,0.96853,0.96904,1.50,1.10
2010.11.12 04:20:23.830,0.96853,0.96903,1.50,1.10
2010.11.12 04:20:25.010,0.96853,0.96903,1.50,1.10
2010.11.12 04:20:28.054,0.96853,0.96903,1.50,1.10
2010.11.12 04:20:30.149,0.96862,0.96908,1.50,1.10
2010.11.12 04:20:30.557,0.96848,0.96908,1.90,1.10
2010.11.12 04:20:31.676,0.96862,0.96908,1.50,1.10
2010.11.12 04:20:31.897,0.96848,0.96908,1.90,1.10
2010.11.12 04:20:34.297,0.96848,0.96908,1.90,1.10
2010.11.12 04:20:35.334,0.96848,0.96908,2.30,1.10
2010.11.12 04:20:38.539,0.96848,0.96908,2.40,1.10
2010.11.12 04:20:40.638,0.96848,0.96908,1.50,1.10
2010.11.12 04:20:42.607,0.96848,0.96908,2.30,1.10
2010.11.12 04:20:44.975,0.96848,0.96908,2.30,1.10
2010.11.12 04:20:47.348,0.96848,0.96907,2.40,1.10
2010.11.12 04:20:50.569,0.96848,0.96907,2.40,1.10
2010.11.12 04:20:52.660,0.96858,0.96914,2.30,1.10
2010.11.12 04:20:55.192,0.96858,0.96914,2.30,1.10
2010.11.12 04:20:58.955,0.96858,0.96914,2.30,2.30
2010.11.12 04:21:01.542,0.96858,0.96914,2.30,2.30
2010.11.12 04:21:03.799,0.96858,0.96914,2.30,1.10
2010.11.12 04:21:05.058,0.96858,0.9692,2.30,1.80
2010.11.12 04:21:08.371,0.96862,0.96924,4.70,4.30
2010.11.12 04:21:10.459,0.96862,0.96922,2.30,1.30
2010.11.12 04:21:13.988,0.96862,0.96922,2.30,1.30
2010.11.12 04:21:16.299,0.96862,0.96922,2.30,2.80
2010.11.12 04:21:19.315,0.96862,0.96922,2.30,2.80
2010.11.12 04:21:23.648,0.96862,0.96922,2.30,2.80
2010.11.12 04:21:24.569,0.96873,0.96922,1.50,1.10
2010.11.12 04:21:26.645,0.96873,0.96922,1.50,1.10
2010.11.12 04:21:28.657,0.96873,0.96922,1.50,1.10
2010.11.12 04:21:30.993,0.96873,0.96922,1.50,1.10
2010.11.12 04:21:31.928,0.96862,0.96922,1.90,1.30
2010.11.12 04:21:32.828,0.96858,0.9692,1.90,1.80
2010.11.12 04:21:35.615,0.96863,0.96916,1.50,1.10
2010.11.12 04:21:38.244,0.96863,0.96916,1.50,1.10
2010.11.12 04:21:40.563,0.96863,0.96916,1.50,1.10
2010.11.12 04:21:44.048,0.96863,0.96916,1.50,1.10
2010.11.12 04:21:46.311,0.96863,0.96916,1.50,2.30
2010.11.12 04:21:47.533,0.96843,0.96909,2.10,2.60
2010.11.12 04:21:49.629,0.96843,0.96909,2.10,6.20
2010.11.12 04:21:51.280,0.96843,0.96898,1.50,1.10
2010.11.12 04:21:54.061,0.96843,0.96898,1.50,1.10
2010.11.12 04:21:56.384,0.96843,0.96898,1.50,1.10
2010.11.12 04:21:58.527,0.96843,0.96897,1.50,2.40
2010.11.12 04:22:00.722,0.96843,0.96898,1.50,1.10
2010.11.12 04:22:03.737,0.96843,0.96897,1.50,1.10
2010.11.12 04:22:06.006,0.96843,0.96893,1.50,1.10
2010.11.12 04:22:08.386,0.96843,0.96893,1.50,1.10
2010.11.12 04:22:11.173,0.96843,0.96893,1.50,1.10
2010.11.12 04:22:13.176,0.96843,0.96893,1.50,1.30
2010.11.12 04:22:15.569,0.96843,0.96893,1.50,2.60
2010.11.12 04:22:18.534,0.96843,0.96893,1.50,1.10
2010.11.12 04:22:20.758,0.96843,0.96893,1.50,1.10
2010.11.12 04:22:24.121,0.96843,0.96897,1.70,1.10
2010.11.12 04:22:26.160,0.96843,0.96902,1.90,1.10
2010.11.12 04:22:29.123,0.96843,0.96902,1.90,1.10
2010.11.12 04:22:29.338,0.96843,0.96902,2.60,1.10
2010.11.12 04:22:32.225,0.96853,0.96902,1.50,1.10
2010.11.12 04:22:32.449,0.96843,0.96903,1.70,1.10
2010.11.12 04:22:34.464,0.96843,0.96898,1.70,1.10
2010.11.12 04:22:38.602,0.96843,0.96898,1.70,1.10
2010.11.12 04:22:40.812,0.96843,0.96898,1.70,1.10
2010.11.12 04:22:42.358,0.96843,0.96905,2.60,1.50
2010.11.12 04:22:44.481,0.96863,0.96913,1.50,3.00
2010.11.12 04:22:46.664,0.96863,0.96917,1.70,1.10
2010.11.12 04:22:48.865,0.96863,0.96917,1.70,1.10
2010.11.12 04:22:51.260,0.96863,0.96918,1.70,1.10
2010.11.12 04:22:52.138,0.96848,0.96905,1.10,1.50
2010.11.12 04:22:52.727,0.96843,0.96902,2.50,1.10
2010.11.12 04:22:54.963,0.96843,0.96905,1.70,4.30
2010.11.12 04:22:58.765,0.96843,0.96905,1.70,4.70
2010.11.12 04:23:00.832,0.96843,0.96905,1.70,9.80
2010.11.12 04:23:03.440,0.96843,0.969,1.50,1.10
2010.11.12 04:23:05.487,0.96843,0.96902,1.50,1.10
2010.11.12 04:23:05.818,0.96852,0.96902,1.50,1.10
2010.11.12 04:23:06.409,0.96843,0.96898,1.70,1.10
2010.11.12 04:23:08.011,0.96843,0.96903,2.50,2.30
2010.11.12 04:23:10.630,0.96843,0.96903,2.50,1.10
2010.11.12 04:23:12.762,0.96853,0.96913,1.50,2.50
2010.11.12 04:23:16.292,0.96853,0.96913,1.50,2.50
2010.11.12 04:23:17.917,0.96847,0.96909,1.70,1.80
2010.11.12 04:23:20.220,0.96847,0.96909,1.70,2.00
2010.11.12 04:23:24.212,0.96853,0.96913,1.50,2.60
2010.11.12 04:23:28.021,0.96853,0.96913,1.50,2.60
2010.11.12 04:23:30.585,0.96853,0.96913,1.50,2.60
2010.11.12 04:23:34.459,0.96853,0.96913,1.50,2.60
2010.11.12 04:23:35.908,0.96843,0.96905,1.50,1.90
2010.11.12 04:23:39.191,0.96843,0.96905,1.50,4.30
2010.11.12 04:23:39.726,0.96833,0.96895,2.30,1.80
2010.11.12 04:23:40.060,0.96843,0.96905,1.50,4.10
2010.11.12 04:23:42.180,0.96843,0.96905,1.50,4.10
2010.11.12 04:23:44.249,0.96843,0.96905,1.50,1.80
2010.11.12 04:23:47.273,0.96838,0.969,1.90,1.90
2010.11.12 04:23:50.519,0.96843,0.96905,1.50,1.80
2010.11.12 04:23:53.364,0.96843,0.96905,1.70,1.90
2010.11.12 04:23:55.548,0.96843,0.96905,1.70,1.90
2010.11.12 04:23:59.273,0.96843,0.96905,1.70,1.90
2010.11.12 04:24:01.720,0.96843,0.96905,1.70,1.90
2010.11.12 04:24:03.856,0.96843,0.96912,1.70,6.00
2010.11.12 04:24:05.974,0.96843,0.96912,1.70,6.00
2010.11.12 04:24:09.766,0.96843,0.96912,1.70,6.00
2010.11.12 04:24:14.304,0.96843,0.96912,1.70,6.00
2010.11.12 04:24:16.712,0.96843,0.96912,1.70,6.00
2010.11.12 04:24:19.311,0.96852,0.96914,1.50,1.80
2010.11.12 04:24:21.457,0.96852,0.96913,1.50,2.40
2010.11.12 04:24:23.546,0.96853,0.96905,1.50,1.40
2010.11.12 04:24:26.034,0.96853,0.96905,1.50,1.40
2010.11.12 04:24:29.327,0.96853,0.96905,1.50,1.40
2010.11.12 04:24:31.561,0.96853,0.96905,1.50,1.40
2010.11.12 04:24:33.569,0.96853,0.96905,1.50,1.40
2010.11.12 04:24:35.640,0.96853,0.96905,1.50,1.40
2010.11.12 04:24:38.001,0.96853,0.96907,1.50,1.10
2010.11.12 04:24:41.056,0.96853,0.96907,1.50,1.10
2010.11.12 04:24:43.555,0.96853,0.96907,1.50,1.10
2010.11.12 04:24:46.045,0.96853,0.96907,1.50,1.10
2010.11.12 04:24:49.379,0.96853,0.96907,1.50,1.10
2010.11.12 04:24:51.920,0.96853,0.96907,1.50,1.10
2010.11.12 04:24:54.004,0.96853,0.96908,1.50,1.10
2010.11.12 04:24:56.293,0.96853,0.96908,1.50,1.10
2010.11.12 04:24:58.547,0.96853,0.96903,1.50,1.10
2010.11.12 04:25:01.163,0.96853,0.96903,1.50,1.10
2010.11.12 04:25:03.474,0.96853,0.96903,1.50,1.10
2010.11.12 04:25:04.948,0.96862,0.96908,1.50,1.10
2010.11.12 04:25:08.093,0.96862,0.96906,1.50,1.40
2010.11.12 04:25:10.906,0.96863,0.96918,1.50,7.10
2010.11.12 04:25:14.439,0.96863,0.96918,1.50,7.10
2010.11.12 04:25:14.961,0.96863,0.96908,1.50,1.10
2010.11.12 04:25:17.633,0.96862,0.96908,1.50,1.10
2010.11.12 04:25:19.753,0.96862,0.96908,1.50,1.10
2010.11.12 04:25:19.858,0.96862,0.96915,1.70,2.60
2010.11.12 04:25:22.114,0.96863,0.96915,1.70,2.30
2010.11.12 04:25:24.318,0.96863,0.96915,1.70,2.30
2010.11.12 04:25:27.550,0.96863,0.96917,1.50,2.40
2010.11.12 04:25:30.896,0.96863,0.96917,1.50,1.90
2010.11.12 04:25:33.195,0.96863,0.96918,1.50,6.50
2010.11.12 04:25:35.539,0.96862,0.96907,1.50,1.10
2010.11.12 04:25:38.161,0.96862,0.96907,1.50,1.10
2010.11.12 04:25:40.466,0.96862,0.96907,1.50,1.30
2010.11.12 04:25:42.560,0.96862,0.96907,1.50,1.10
2010.11.12 04:25:44.638,0.96862,0.96907,1.50,1.10
2010.11.12 04:25:46.773,0.96862,0.96908,1.50,1.10
2010.11.12 04:25:49.556,0.96862,0.96907,1.50,1.10
2010.11.12 04:25:52.068,0.96862,0.96907,1.50,1.10
2010.11.12 04:25:54.148,0.96862,0.96907,1.50,1.10
2010.11.12 04:25:56.638,0.96862,0.96907,1.50,1.10
2010.11.12 04:25:58.765,0.96863,0.96908,1.50,1.10
2010.11.12 04:25:58.879,0.96863,0.96915,1.70,2.30
2010.11.12 04:25:59.539,0.96863,0.96915,1.70,2.80
2010.11.12 04:26:01.629,0.96872,0.96922,1.50,1.40
2010.11.12 04:26:04.161,0.96872,0.96922,1.50,1.40
2010.11.12 04:26:04.267,0.96862,0.96922,1.50,2.90
2010.11.12 04:26:05.058,0.96857,0.96918,1.70,2.80
2010.11.12 04:26:08.001,0.96862,0.96924,1.50,10.40
2010.11.12 04:26:08.906,0.96853,0.96923,2.10,1.80
2010.11.12 04:26:09.349,0.96872,0.96929,1.50,8.10
2010.11.12 04:26:11.966,0.96862,0.96924,2.30,1.90
2010.11.12 04:26:12.581,0.96862,0.96924,1.50,4.10
2010.11.12 04:26:15.406,0.96862,0.96924,1.50,10.40
2010.11.12 04:26:17.822,0.96862,0.96924,1.50,10.20
2010.11.12 04:26:21.240,0.96862,0.96924,1.50,10.40
2010.11.12 04:26:24.626,0.96862,0.96924,1.50,10.40
2010.11.12 04:26:28.999,0.96862,0.96924,1.50,10.40
2010.11.12 04:26:31.448,0.96862,0.96924,1.50,10.40
2010.11.12 04:26:33.854,0.96862,0.96924,1.50,10.40
2010.11.12 04:26:36.183,0.96862,0.96923,1.50,2.60
2010.11.12 04:26:38.396,0.96862,0.96926,1.50,3.20
2010.11.12 04:26:38.513,0.96872,0.96932,1.50,1.10
2010.11.12 04:26:38.838,0.96862,0.96932,1.70,1.70
2010.11.12 04:26:38.950,0.96862,0.96926,1.50,1.40
2010.11.12 04:26:39.966,0.96872,0.96924,1.50,2.50
2010.11.12 04:26:40.079,0.96862,0.96924,1.50,4.00
2010.11.12 04:26:42.274,0.96862,0.96924,1.50,10.00
2010.11.12 04:26:44.317,0.96862,0.96924,1.50,9.60
2010.11.12 04:26:46.480,0.96862,0.96919,1.50,2.60
2010.11.12 04:26:47.563,0.96862,0.96919,1.50,2.50
2010.11.12 04:26:47.888,0.96852,0.96914,1.50,1.50
2010.11.12 04:26:48.586,0.96862,0.96921,1.50,3.20
2010.11.12 04:26:50.558,0.96862,0.96924,1.50,1.70
2010.11.12 04:26:52.591,0.96862,0.96933,1.90,2.50
2010.11.12 04:26:52.697,0.96862,0.96933,1.90,1.70
2010.11.12 04:26:55.122,0.96862,0.96933,1.90,1.70
2010.11.12 04:26:57.124,0.96862,0.96933,1.50,1.70
2010.11.12 04:26:59.143,0.96862,0.96933,1.50,1.70
2010.11.12 04:27:01.316,0.96862,0.96933,1.50,1.70
2010.11.12 04:27:04.690,0.96862,0.96933,1.50,1.70
2010.11.12 04:27:08.749,0.96862,0.96933,1.50,1.70
2010.11.12 04:27:10.805,0.96862,0.96933,1.50,1.70
2010.11.12 04:27:12.848,0.96862,0.96933,1.50,1.70
2010.11.12 04:27:16.074,0.96862,0.96933,1.50,1.70
2010.11.12 04:27:18.495,0.96862,0.96933,1.50,1.70
2010.11.12 04:27:20.951,0.96862,0.96933,1.50,1.70
2010.11.12 04:27:23.598,0.96862,0.96933,1.50,1.70
2010.11.12 04:27:23.716,0.96862,0.96924,1.50,1.50
2010.11.12 04:27:25.921,0.96862,0.96924,1.50,1.50
2010.11.12 04:27:28.170,0.96862,0.96924,1.50,1.50
2010.11.12 04:27:31.712,0.96862,0.96924,1.50,1.50
2010.11.12 04:27:34.724,0.96862,0.96924,1.50,1.50
2010.11.12 04:27:37.234,0.96862,0.96924,1.50,1.50
2010.11.12 04:27:39.743,0.96862,0.96924,1.50,1.50
2010.11.12 04:27:41.740,0.96862,0.96924,1.50,2.50
2010.11.12 04:27:44.148,0.96857,0.96919,1.50,1.70
2010.11.12 04:27:46.189,0.96862,0.96924,1.50,2.50
2010.11.12 04:27:48.529,0.96862,0.96924,1.50,2.50
2010.11.12 04:27:50.701,0.96862,0.96924,1.50,2.50
2010.11.12 04:27:54.090,0.96862,0.96924,1.50,2.50
2010.11.12 04:27:56.433,0.96862,0.96924,1.50,2.50
2010.11.12 04:27:59.774,0.96862,0.96924,1.50,2.50
2010.11.12 04:28:01.945,0.96862,0.96924,1.50,2.50
2010.11.12 04:28:04.257,0.96862,0.96924,1.50,2.50
2010.11.12 04:28:06.453,0.96862,0.96924,1.50,2.50
2010.11.12 04:28:09.793,0.96862,0.96924,1.50,2.50
2010.11.12 04:28:11.372,0.96862,0.96924,1.50,1.50
2010.11.12 04:28:14.627,0.96862,0.96924,1.50,1.50
2010.11.12 04:28:16.696,0.96862,0.96924,1.50,1.50
2010.11.12 04:28:19.810,0.96862,0.96924,1.50,1.50
2010.11.12 04:28:24.245,0.96862,0.96924,1.50,1.50
2010.11.12 04:28:26.498,0.96862,0.96924,1.50,1.50
2010.11.12 04:28:28.546,0.96862,0.96924,1.50,1.50
2010.11.12 04:28:30.831,0.96862,0.96924,1.50,1.50
2010.11.12 04:28:34.833,0.96862,0.96924,1.50,1.50
2010.11.12 04:28:37.835,0.96862,0.96924,1.50,1.50
2010.11.12 04:28:39.840,0.96862,0.96924,1.50,1.50
2010.11.12 04:28:44.389,0.96862,0.96924,1.50,1.50
2010.11.12 04:28:46.911,0.96853,0.96923,1.90,1.50
2010.11.12 04:28:49.569,0.96853,0.96923,1.70,2.10
2010.11.12 04:28:54.773,0.96853,0.96923,1.70,2.10
2010.11.12 04:28:58.059,0.96853,0.96923,1.70,2.10
2010.11.12 04:29:01.553,0.96853,0.96923,1.70,2.10
2010.11.12 04:29:04.282,0.96853,0.96923,1.70,2.10
2010.11.12 04:29:06.573,0.96853,0.96923,1.70,2.10
2010.11.12 04:29:08.593,0.96853,0.96923,1.70,2.10
2010.11.12 04:29:11.436,0.96853,0.96923,1.70,2.10
2010.11.12 04:29:15.356,0.96853,0.96923,1.70,2.10
2010.11.12 04:29:18.900,0.96862,0.96924,1.50,1.70
2010.11.12 04:29:21.154,0.96862,0.96924,1.50,1.70
2010.11.12 04:29:23.325,0.96862,0.96924,1.50,1.70
2010.11.12 04:29:25.803,0.96862,0.96924,1.50,1.70
2010.11.12 04:29:28.605,0.96862,0.96924,1.50,1.70
2010.11.12 04:29:31.608,0.96862,0.96924,1.50,1.70
2010.11.12 04:29:34.970,0.96862,0.96924,1.50,1.70
2010.11.12 04:29:39.856,0.96862,0.96924,1.50,1.70
2010.11.12 04:29:42.282,0.96862,0.96924,1.50,1.70
2010.11.12 04:29:44.871,0.96862,0.96924,1.50,1.70
2010.11.12 04:29:48.875,0.96862,0.96924,1.50,1.50
2010.11.12 04:29:51.667,0.96862,0.96924,1.50,1.50
2010.11.12 04:29:53.915,0.96857,0.96919,1.50,1.50
2010.11.12 04:29:56.154,0.96857,0.96919,1.50,1.50
2010.11.12 04:29:57.800,0.96852,0.96914,1.50,1.70
2010.11.12 04:29:58.019,0.96843,0.96914,1.90,1.70
2010.11.12 04:29:59.092,0.96833,0.96914,1.80,2.50
2010.11.12 04:30:01.431,0.96833,0.96914,2.00,2.50
2010.11.12 04:30:03.586,0.96833,0.96914,2.20,1.70
2010.11.12 04:30:06.095,0.96843,0.96914,1.50,1.70
2010.11.12 04:30:08.313,0.96843,0.96914,1.50,2.10
2010.11.12 04:30:10.819,0.96843,0.96914,1.50,2.10
2010.11.12 04:30:14.185,0.96843,0.96914,1.50,2.10
2010.11.12 04:30:16.549,0.96843,0.96914,1.50,1.70
2010.11.12 04:30:20.034,0.96843,0.96914,1.50,1.70
2010.11.12 04:30:21.027,0.96843,0.96914,1.50,2.50
2010.11.12 04:30:22.977,0.96833,0.96914,1.90,1.70
2010.11.12 04:30:24.810,0.96843,0.96914,1.50,1.70
2010.11.12 04:30:25.749,0.96843,0.96916,1.70,2.30
2010.11.12 04:30:29.370,0.96843,0.96914,1.70,1.70
2010.11.12 04:30:31.630,0.96843,0.96914,1.70,1.70
2010.11.12 04:30:34.490,0.96843,0.96914,1.70,1.70
2010.11.12 04:30:36.580,0.96843,0.96914,1.70,1.70
2010.11.12 04:30:40.079,0.96843,0.96914,1.70,1.70
2010.11.12 04:30:43.061,0.96843,0.96914,1.70,1.70
2010.11.12 04:30:45.470,0.96843,0.96914,1.70,1.70
2010.11.12 04:30:50.084,0.96843,0.96914,1.70,1.70
2010.11.12 04:30:53.137,0.96843,0.96914,1.70,1.70
2010.11.12 04:30:56.233,0.96843,0.96914,1.70,1.70
2010.11.12 04:30:57.749,0.96853,0.96923,1.50,1.40
2010.11.12 04:30:57.858,0.96853,0.96926,1.70,2.50
2010.11.12 04:30:58.725,0.96863,0.96934,1.50,1.50
2010.11.12 04:30:59.541,0.96873,0.9694,1.70,2.30
2010.11.12 04:30:59.758,0.96873,0.96953,1.70,2.20
2010.11.12 04:31:00.296,0.96863,0.96944,1.70,1.70
2010.11.12 04:31:00.630,0.96863,0.96934,1.90,1.70
2010.11.12 04:31:03.841,0.96863,0.96934,1.60,1.70
2010.11.12 04:31:04.313,0.96863,0.96934,2.00,1.70
2010.11.12 04:31:04.529,0.96866,0.96941,1.90,2.50
2010.11.12 04:31:04.639,0.96873,0.96941,1.70,2.30
2010.11.12 04:31:04.749,0.96873,0.96944,1.50,1.50
2010.11.12 04:31:05.209,0.96873,0.96935,1.50,1.50
2010.11.12 04:31:06.569,0.96872,0.96947,1.10,2.90
2010.11.12 04:31:07.770,0.96881,0.96954,1.10,2.50
2010.11.12 04:31:08.189,0.96882,0.96949,1.10,1.50
2010.11.12 04:31:09.952,0.96884,0.96955,1.10,2.50
2010.11.12 04:31:12.060,0.96884,0.96955,1.10,2.50
2010.11.12 04:31:12.733,0.96888,0.96955,1.10,2.50
2010.11.12 04:31:15.146,0.96887,0.96954,1.10,2.50
2010.11.12 04:31:17.509,0.96892,0.96954,1.70,2.50
2010.11.12 04:31:20.143,0.96892,0.96954,1.70,2.50
2010.11.12 04:31:23.586,0.96892,0.96954,1.70,2.50
2010.11.12 04:31:25.679,0.96892,0.96954,1.70,2.50
2010.11.12 04:31:30.091,0.96892,0.96954,1.70,2.50
2010.11.12 04:31:30.946,0.96892,0.96954,2.50,1.50
2010.11.12 04:31:32.340,0.96897,0.96957,1.70,1.10
2010.11.12 04:31:35.166,0.96892,0.96954,2.50,2.60
2010.11.12 04:31:39.254,0.96892,0.96954,2.60,2.60
2010.11.12 04:31:41.875,0.96892,0.96954,2.60,2.60
2010.11.12 04:31:45.188,0.96892,0.96954,2.60,2.50
2010.11.12 04:31:50.197,0.96892,0.96954,2.60,2.50
2010.11.12 04:31:53.044,0.96892,0.96954,2.60,2.50
2010.11.12 04:31:55.634,0.96892,0.96954,2.60,2.50
2010.11.12 04:31:57.643,0.96892,0.96954,2.60,2.50
2010.11.12 04:32:00.115,0.96892,0.96954,2.60,2.50
2010.11.12 04:32:02.398,0.96892,0.96954,2.60,2.50
2010.11.12 04:32:04.939,0.96892,0.96954,3.00,2.50
2010.11.12 04:32:07.040,0.96892,0.96954,2.60,2.60
2010.11.12 04:32:09.643,0.96892,0.96954,2.50,2.60
2010.11.12 04:32:11.877,0.96892,0.96954,2.60,2.60
2010.11.12 04:32:14.457,0.96892,0.96954,2.60,2.60
2010.11.12 04:32:16.600,0.96892,0.96954,2.60,2.60
2010.11.12 04:32:19.401,0.96892,0.96954,2.60,6.00
2010.11.12 04:32:21.839,0.96892,0.96954,2.60,6.00
2010.11.12 04:32:25.193,0.96892,0.96954,2.50,2.60
2010.11.12 04:32:27.061,0.96893,0.96963,1.70,2.00
2010.11.12 04:32:29.551,0.96893,0.96963,1.80,4.10
2010.11.12 04:32:30.699,0.96892,0.96954,2.50,1.50
2010.11.12 04:32:31.541,0.96922,0.96975,1.50,6.40
2010.11.12 04:32:31.869,0.96911,0.96973,1.70,1.90
2010.11.12 04:32:34.496,0.96911,0.96973,1.70,1.90
2010.11.12 04:32:35.961,0.96899,0.96973,1.40,6.60
2010.11.12 04:32:38.588,0.96909,0.96979,3.20,2.80
2010.11.12 04:32:38.930,0.96903,0.96975,1.40,1.70
2010.11.12 04:32:40.037,0.96924,0.96987,1.40,1.20
2010.11.12 04:32:40.509,0.96923,0.9699,3.20,1.10
2010.11.12 04:32:40.620,0.96923,0.96982,2.50,1.10
2010.11.12 04:32:42.550,0.96923,0.96988,3.20,1.10
2010.11.12 04:32:44.660,0.96928,0.96991,2.50,2.30
2010.11.12 04:32:46.946,0.96941,0.96993,1.50,1.10
2010.11.12 04:32:49.338,0.96941,0.96991,1.50,1.10
2010.11.12 04:32:51.990,0.96941,0.96996,1.70,2.40
2010.11.12 04:32:52.319,0.96941,0.96996,2.50,1.10
2010.11.12 04:32:54.862,0.96941,0.96996,2.10,1.10
2010.11.12 04:32:57.051,0.96941,0.97001,1.50,2.80
2010.11.12 04:32:59.257,0.96941,0.97001,1.50,2.80
2010.11.12 04:33:01.295,0.96941,0.97001,1.50,1.10
2010.11.12 04:33:02.721,0.9696,0.97016,1.50,3.80
2010.11.12 04:33:03.523,0.96945,0.97007,2.50,1.50
2010.11.12 04:33:03.743,0.96942,0.97002,2.40,1.70
2010.11.12 04:33:07.478,0.9694,0.97002,1.80,1.70
2010.11.12 04:33:10.351,0.9694,0.97002,1.80,1.70
2010.11.12 04:33:11.979,0.9694,0.97002,1.50,2.50
2010.11.12 04:33:14.039,0.9694,0.97002,1.50,2.50
2010.11.12 04:33:14.149,0.9694,0.97002,1.50,1.50
2010.11.12 04:33:15.860,0.96951,0.97013,1.50,4.70
2010.11.12 04:33:18.049,0.9695,0.97012,1.70,1.50
2010.11.12 04:33:20.353,0.9695,0.97012,1.70,1.50
2010.11.12 04:33:22.561,0.9695,0.97012,1.70,1.70
2010.11.12 04:33:24.722,0.96951,0.97013,1.50,5.30
2010.11.12 04:33:26.861,0.96951,0.97013,1.50,5.30
2010.11.12 04:33:29.051,0.9695,0.97012,1.50,2.40
2010.11.12 04:33:31.089,0.9695,0.97012,1.50,2.40
2010.11.12 04:33:33.311,0.9695,0.97012,1.50,2.40
2010.11.12 04:33:35.384,0.9695,0.97012,1.50,2.40
2010.11.12 04:33:37.582,0.9695,0.97012,1.50,2.40
2010.11.12 04:33:39.691,0.9695,0.97012,1.50,2.40
2010.11.12 04:33:42.021,0.9695,0.97012,1.50,2.40
2010.11.12 04:33:44.211,0.9695,0.97012,1.50,2.40
2010.11.12 04:33:46.431,0.9695,0.97012,1.50,2.40
2010.11.12 04:33:48.440,0.96951,0.97013,1.50,4.30
2010.11.12 04:33:50.875,0.96951,0.97013,1.50,4.30
2010.11.12 04:33:53.161,0.96951,0.97013,1.50,4.30
2010.11.12 04:33:55.838,0.96951,0.97013,1.50,4.30
2010.11.12 04:33:57.969,0.96951,0.97013,1.50,4.30
2010.11.12 04:33:59.951,0.96951,0.97013,1.50,4.30
2010.11.12 04:34:02.186,0.96951,0.97013,1.50,1.90
2010.11.12 04:34:04.524,0.96951,0.97013,1.50,1.90
2010.11.12 04:34:06.651,0.96951,0.97013,1.50,1.90
2010.11.12 04:34:08.921,0.96951,0.97013,1.50,1.90
2010.11.12 04:34:10.972,0.96951,0.97013,1.50,4.30
2010.11.12 04:34:12.389,0.9696,0.97016,1.50,1.10
2010.11.12 04:34:12.608,0.9695,0.97012,1.70,1.80
2010.11.12 04:34:14.633,0.9695,0.97012,1.70,1.70
2010.11.12 04:34:16.737,0.9696,0.97016,1.50,1.10
2010.11.12 04:34:18.821,0.9696,0.97016,1.50,2.60
2010.11.12 04:34:20.889,0.9696,0.97014,1.50,1.60
2010.11.12 04:34:22.899,0.9696,0.97016,1.50,2.30
2010.11.12 04:34:24.931,0.9696,0.9701,1.50,1.10
2010.11.12 04:34:27.132,0.9696,0.9701,1.50,1.10
2010.11.12 04:34:29.452,0.9696,0.9701,1.50,1.10
2010.11.12 04:34:31.881,0.9696,0.9701,1.50,1.10
2010.11.12 04:34:34.020,0.9696,0.9701,1.50,1.10
2010.11.12 04:34:36.281,0.9696,0.9701,1.50,1.10
2010.11.12 04:34:38.421,0.9696,0.97012,1.50,1.10
2010.11.12 04:34:40.492,0.9696,0.9701,1.50,1.10
2010.11.12 04:34:42.523,0.9696,0.9701,1.50,1.10
2010.11.12 04:34:44.641,0.9696,0.9701,1.50,1.10
2010.11.12 04:34:46.740,0.9696,0.9701,1.50,1.10
2010.11.12 04:34:48.742,0.9696,0.9701,1.50,1.10
2010.11.12 04:34:51.001,0.9696,0.9701,1.50,1.10
2010.11.12 04:34:53.101,0.9696,0.9701,1.50,1.10
2010.11.12 04:34:54.899,0.9695,0.97012,2.60,2.50
2010.11.12 04:34:57.206,0.9696,0.97014,1.50,1.10
2010.11.12 04:34:59.567,0.9696,0.97013,1.50,1.10
2010.11.12 04:35:02.037,0.9696,0.9701,1.50,1.10
2010.11.12 04:35:03.691,0.9696,0.9701,1.50,1.10
2010.11.12 04:35:03.878,0.9695,0.9701,2.60,1.10
2010.11.12 04:35:06.111,0.9696,0.97014,1.50,1.10
2010.11.12 04:35:07.109,0.9695,0.97012,2.60,2.60
2010.11.12 04:35:09.173,0.9696,0.97017,1.50,1.10
2010.11.12 04:35:11.491,0.9696,0.97013,1.50,1.10
2010.11.12 04:35:13.762,0.9696,0.9701,1.50,1.10
2010.11.12 04:35:15.812,0.9696,0.9701,1.50,1.10
2010.11.12 04:35:17.889,0.9696,0.9701,1.50,2.40
2010.11.12 04:35:20.041,0.9696,0.97013,1.50,1.40
2010.11.12 04:35:22.155,0.9696,0.97013,1.50,1.40
2010.11.12 04:35:24.443,0.9696,0.97013,1.50,1.40
2010.11.12 04:35:26.924,0.9696,0.97013,1.50,1.40
2010.11.12 04:35:29.131,0.9696,0.97012,1.50,1.40
2010.11.12 04:35:31.220,0.9696,0.97012,1.50,1.40
2010.11.12 04:35:33.614,0.9696,0.97012,1.50,1.40
2010.11.12 04:35:35.688,0.9696,0.97013,1.50,1.10
2010.11.12 04:35:37.852,0.9696,0.97013,1.50,1.10
2010.11.12 04:35:39.862,0.9696,0.9701,1.50,1.10
2010.11.12 04:35:41.992,0.9696,0.97013,1.50,1.10
2010.11.12 04:35:44.411,0.9696,0.9701,1.50,1.10
2010.11.12 04:35:46.551,0.9696,0.9701,1.50,1.10
2010.11.12 04:35:49.044,0.9696,0.9701,1.50,1.10
2010.11.12 04:35:51.089,0.9696,0.9701,1.50,2.30
2010.11.12 04:35:53.112,0.9696,0.9701,1.50,2.30
2010.11.12 04:35:55.302,0.9696,0.9701,1.50,2.30
2010.11.12 04:35:57.768,0.9696,0.97013,1.50,1.10
2010.11.12 04:35:59.912,0.9696,0.97013,1.50,1.10
2010.11.12 04:36:02.394,0.96959,0.9701,1.50,2.60
2010.11.12 04:36:04.072,0.96959,0.97004,1.50,1.40
2010.11.12 04:36:06.202,0.96959,0.97004,1.50,1.40
2010.11.12 04:36:08.323,0.96959,0.97004,1.50,2.60
2010.11.12 04:36:10.345,0.96959,0.97004,1.50,1.10
2010.11.12 04:36:11.610,0.9696,0.97017,1.50,1.40
2010.11.12 04:36:13.837,0.9696,0.97017,1.50,1.80
2010.11.12 04:36:16.053,0.9696,0.97017,1.50,1.80
2010.11.12 04:36:18.150,0.9696,0.97017,1.50,1.80
2010.11.12 04:36:20.172,0.9696,0.97017,1.50,1.40
2010.11.12 04:36:22.292,0.9696,0.97017,1.50,3.50
2010.11.12 04:36:24.382,0.9696,0.97018,1.70,1.10
2010.11.12 04:36:26.442,0.9695,0.97012,2.50,1.70
2010.11.12 04:36:28.555,0.9696,0.97017,1.70,1.10
2010.11.12 04:36:30.660,0.9696,0.97017,1.70,1.30
2010.11.12 04:36:31.645,0.9695,0.97012,1.70,1.90
2010.11.12 04:36:33.673,0.9695,0.97012,1.70,1.90
2010.11.12 04:36:36.049,0.9695,0.97012,1.70,1.90
2010.11.12 04:36:38.023,0.96951,0.97013,1.70,4.40
2010.11.12 04:36:40.095,0.96951,0.97007,1.50,1.10
2010.11.12 04:36:42.140,0.96951,0.97007,1.50,1.10
2010.11.12 04:36:42.922,0.96943,0.96997,2.40,2.50
2010.11.12 04:36:43.474,0.96941,0.97003,1.70,2.50
2010.11.12 04:36:46.136,0.9694,0.97002,2.50,1.80
2010.11.12 04:36:47.030,0.9694,0.97002,1.50,2.80
2010.11.12 04:36:49.263,0.96935,0.96997,1.70,2.00
2010.11.12 04:36:51.403,0.96935,0.96997,1.70,2.00
2010.11.12 04:36:53.592,0.9694,0.97002,1.70,1.80
2010.11.12 04:36:55.613,0.9694,0.97002,1.70,2.00
2010.11.12 04:36:57.639,0.9694,0.97002,1.70,2.00
2010.11.12 04:36:58.442,0.96931,0.96993,1.70,1.70
2010.11.12 04:37:00.703,0.96931,0.96993,1.70,1.90
2010.11.12 04:37:01.700,0.96941,0.96998,1.50,1.30
2010.11.12 04:37:03.823,0.96941,0.96998,1.50,2.30
2010.11.12 04:37:05.896,0.96941,0.96998,1.50,2.30
2010.11.12 04:37:07.899,0.96941,0.96998,1.50,2.30
2010.11.12 04:37:08.471,0.96951,0.97004,1.50,1.60
2010.11.12 04:37:10.200,0.96941,0.97002,1.70,1.50
2010.11.12 04:37:12.523,0.96941,0.97003,1.70,4.40
2010.11.12 04:37:13.987,0.96931,0.96993,1.70,1.80
2010.11.12 04:37:16.323,0.96931,0.96993,1.70,1.80
2010.11.12 04:37:18.457,0.96931,0.96993,1.70,2.00
2010.11.12 04:37:20.471,0.96931,0.96993,1.70,2.00
2010.11.12 04:37:22.605,0.96931,0.96993,1.70,2.00
2010.11.12 04:37:24.690,0.96931,0.96993,1.70,1.70
2010.11.12 04:37:26.739,0.96931,0.96993,1.70,1.70
2010.11.12 04:37:29.243,0.96931,0.96993,1.80,1.70
2010.11.12 04:37:31.436,0.96931,0.96993,1.90,1.90
2010.11.12 04:37:33.519,0.96931,0.96993,1.90,1.90
2010.11.12 04:37:35.713,0.96931,0.96993,1.90,1.90
2010.11.12 04:37:36.750,0.96932,0.96993,1.10,1.70
2010.11.12 04:37:38.772,0.96941,0.96998,1.50,1.10
2010.11.12 04:37:40.813,0.96941,0.96998,1.50,1.10
2010.11.12 04:37:43.064,0.96941,0.96998,1.50,1.10
2010.11.12 04:37:45.266,0.96941,0.96998,1.50,1.10
2010.11.12 04:37:47.379,0.96941,0.96998,1.50,1.10
2010.11.12 04:37:49.383,0.96941,0.96998,1.50,1.10
2010.11.12 04:37:51.632,0.96941,0.96998,1.50,1.10
2010.11.12 04:37:53.753,0.96941,0.96998,1.50,1.10
2010.11.12 04:37:55.958,0.96941,0.96998,1.50,1.10
2010.11.12 04:37:58.252,0.96941,0.96998,1.50,1.10
2010.11.12 04:38:00.458,0.96941,0.96998,1.50,1.10
2010.11.12 04:38:01.940,0.96945,0.97002,1.70,1.10
2010.11.12 04:38:02.777,0.96941,0.97013,2.50,1.10
2010.11.12 04:38:03.220,0.96944,0.97002,1.40,1.50
2010.11.12 04:38:03.330,0.9694,0.97002,1.70,1.50
2010.11.12 04:38:03.551,0.96941,0.97011,1.70,1.80
2010.11.12 04:38:05.696,0.96941,0.97021,1.70,4.20
2010.11.12 04:38:08.037,0.96941,0.97012,1.50,2.30
2010.11.12 04:38:08.589,0.9695,0.97012,1.50,2.60
2010.11.12 04:38:10.641,0.9695,0.97012,1.50,6.00
2010.11.12 04:38:12.682,0.9695,0.97007,1.50,1.10
2010.11.12 04:38:14.773,0.9695,0.97008,1.50,1.10
2010.11.12 04:38:16.882,0.9695,0.97008,1.50,1.10
2010.11.12 04:38:19.162,0.9695,0.97012,1.50,2.90
2010.11.12 04:38:21.442,0.9695,0.97012,1.50,2.50
2010.11.12 04:38:23.687,0.9695,0.97012,1.50,2.50
2010.11.12 04:38:25.762,0.9695,0.97012,1.50,2.50
2010.11.12 04:38:27.839,0.9695,0.97012,1.50,2.50
2010.11.12 04:38:29.892,0.9695,0.97012,1.50,2.50
2010.11.12 04:38:31.992,0.9695,0.97012,1.50,2.50
2010.11.12 04:38:34.232,0.9695,0.97012,1.50,2.50
2010.11.12 04:38:36.588,0.9695,0.97012,1.50,2.50
2010.11.12 04:38:38.605,0.9695,0.97012,1.50,2.50
2010.11.12 04:38:40.917,0.9695,0.97012,1.50,2.50
2010.11.12 04:38:43.142,0.9695,0.97012,1.50,2.50
2010.11.12 04:38:45.253,0.9695,0.97012,1.50,2.50
2010.11.12 04:38:47.473,0.9695,0.97012,1.50,2.50
2010.11.12 04:38:49.479,0.9695,0.97012,1.50,2.50
2010.11.12 04:38:52.100,0.9695,0.97012,1.50,2.50
2010.11.12 04:38:54.403,0.9695,0.97012,1.50,2.50
2010.11.12 04:38:56.412,0.9695,0.97012,1.50,2.50
2010.11.12 04:38:58.503,0.9695,0.97012,1.50,2.50
2010.11.12 04:39:00.553,0.9695,0.97012,1.50,2.50
2010.11.12 04:39:01.943,0.9695,0.97012,1.50,2.50
2010.11.12 04:39:04.175,0.96951,0.97013,1.50,2.60
2010.11.12 04:39:06.190,0.96951,0.97008,1.50,1.10
2010.11.12 04:39:06.739,0.96951,0.96999,1.50,1.40
2010.11.12 04:39:08.883,0.96951,0.97,1.50,1.40
2010.11.12 04:39:10.981,0.96951,0.96998,1.50,1.40
2010.11.12 04:39:13.282,0.96951,0.96998,1.50,1.40
2010.11.12 04:39:15.571,0.96951,0.96998,1.50,1.50
2010.11.12 04:39:17.753,0.96951,0.97,1.50,1.40
2010.11.12 04:39:19.923,0.96951,0.97,1.50,1.40
2010.11.12 04:39:22.027,0.96951,0.97,1.50,1.40
2010.11.12 04:39:24.252,0.96951,0.97,1.50,1.40
2010.11.12 04:39:26.372,0.96951,0.97,1.50,1.40
2010.11.12 04:39:28.645,0.96951,0.97003,1.50,1.10
2010.11.12 04:39:30.681,0.96951,0.97003,1.50,1.10
2010.11.12 04:39:32.877,0.96951,0.97003,1.50,1.10
2010.11.12 04:39:34.963,0.96951,0.97003,1.50,1.10
2010.11.12 04:39:37.183,0.96951,0.97003,1.50,1.10
2010.11.12 04:39:39.263,0.96951,0.97003,1.50,1.10
2010.11.12 04:39:41.286,0.96951,0.97003,1.50,1.10
2010.11.12 04:39:43.583,0.96951,0.97002,1.50,1.10
2010.11.12 04:39:45.853,0.96951,0.97002,1.50,1.10
2010.11.12 04:39:48.164,0.96951,0.97002,1.50,1.10
2010.11.12 04:39:50.273,0.96951,0.97002,1.50,1.10
2010.11.12 04:39:50.829,0.96944,0.97002,1.50,1.10
2010.11.12 04:39:52.690,0.96951,0.96996,1.50,1.40
2010.11.12 04:39:54.913,0.96951,0.96998,1.50,1.10
2010.11.12 04:39:55.350,0.96951,0.96998,1.50,1.10
2010.11.12 04:39:57.483,0.96951,0.96998,1.50,1.10
2010.11.12 04:39:59.652,0.96951,0.96998,1.50,1.10
2010.11.12 04:40:00.991,0.9695,0.97007,1.70,1.10
2010.11.12 04:40:01.101,0.9696,0.97007,1.50,1.10
2010.11.12 04:40:03.383,0.9696,0.97007,1.50,1.10
2010.11.12 04:40:04.931,0.9695,0.97007,1.50,1.10
2010.11.12 04:40:07.534,0.9695,0.97007,1.50,1.10
2010.11.12 04:40:08.611,0.9696,0.97008,1.50,1.10
2010.11.12 04:40:10.690,0.9696,0.97008,1.50,1.10
2010.11.12 04:40:12.853,0.9696,0.97008,1.50,1.10
2010.11.12 04:40:15.044,0.9696,0.97007,1.50,1.10
2010.11.12 04:40:17.453,0.9696,0.97007,1.50,1.10
2010.11.12 04:40:19.703,0.9696,0.97007,1.50,1.10
2010.11.12 04:40:21.718,0.9696,0.97008,1.50,1.10
2010.11.12 04:40:23.912,0.9696,0.97008,1.50,1.10
2010.11.12 04:40:24.262,0.9697,0.97017,1.50,1.10
2010.11.12 04:40:24.805,0.9697,0.97017,1.50,1.10
2010.11.12 04:40:26.140,0.96959,0.97017,1.50,1.10
2010.11.12 04:40:26.755,0.96959,0.97018,1.50,1.10
2010.11.12 04:40:26.971,0.9695,0.97012,1.50,2.50
2010.11.12 04:40:29.003,0.9695,0.97012,1.50,2.60
2010.11.12 04:40:31.413,0.9695,0.97008,1.50,1.10
2010.11.12 04:40:32.719,0.96959,0.97018,1.50,1.10
2010.11.12 04:40:33.162,0.96955,0.97017,2.50,2.50
2010.11.12 04:40:35.202,0.96955,0.97015,2.50,1.10
2010.11.12 04:40:37.403,0.96955,0.97015,2.50,1.10
2010.11.12 04:40:38.492,0.96947,0.97007,6.60,2.60
2010.11.12 04:40:39.260,0.96951,0.97007,1.70,1.10
2010.11.12 04:40:41.312,0.96951,0.97007,1.70,1.10
2010.11.12 04:40:43.313,0.96951,0.97007,1.70,1.10
2010.11.12 04:40:45.389,0.96951,0.97007,1.70,1.10
2010.11.12 04:40:45.500,0.96951,0.97002,1.50,1.10
2010.11.12 04:40:47.712,0.96951,0.97002,1.50,1.10
2010.11.12 04:40:50.295,0.96951,0.97002,1.50,1.10
2010.11.12 04:40:50.620,0.96951,0.97011,2.50,1.10
2010.11.12 04:40:50.732,0.9697,0.97011,1.50,1.10
2010.11.12 04:40:50.950,0.9695,0.97008,1.50,1.10
2010.11.12 04:40:53.036,0.9695,0.97003,1.50,1.10
2010.11.12 04:40:55.101,0.9695,0.97002,1.50,1.10
2010.11.12 04:40:57.210,0.9695,0.97002,1.50,1.10
2010.11.12 04:40:59.233,0.96951,0.97002,1.50,1.10
2010.11.12 04:40:59.692,0.96951,0.97007,1.50,1.30
2010.11.12 04:40:59.910,0.9696,0.97007,1.50,1.10
2010.11.12 04:41:01.933,0.9696,0.97007,1.50,1.10
2010.11.12 04:41:04.052,0.9696,0.97007,1.50,1.10
2010.11.12 04:41:06.052,0.9696,0.97007,1.50,1.10
2010.11.12 04:41:08.253,0.9696,0.97007,1.50,1.10
2010.11.12 04:41:10.493,0.9696,0.97007,1.50,1.10
2010.11.12 04:41:12.813,0.9696,0.97007,1.50,1.10
2010.11.12 04:41:15.134,0.9696,0.97007,1.50,1.10
2010.11.12 04:41:16.681,0.96951,0.97007,1.50,1.10
2010.11.12 04:41:19.152,0.96951,0.97007,1.50,1.10
2010.11.12 04:41:19.583,0.96951,0.97012,2.50,1.30
2010.11.12 04:41:20.020,0.9695,0.97012,1.50,2.60
2010.11.12 04:41:21.961,0.9695,0.97012,2.50,1.80
2010.11.12 04:41:22.180,0.9697,0.97018,1.50,1.10
2010.11.12 04:41:22.401,0.9695,0.97009,2.30,1.40
2010.11.12 04:41:22.901,0.9698,0.97009,1.50,1.40
2010.11.12 04:41:23.024,0.9696,0.97014,1.50,1.10
2010.11.12 04:41:23.351,0.9695,0.97012,1.70,2.60
2010.11.12 04:41:24.331,0.96951,0.97012,1.40,1.70
2010.11.12 04:41:24.916,0.9697,0.9702,1.50,1.80
2010.11.12 04:41:27.324,0.9698,0.9702,1.50,1.10
2010.11.12 04:41:27.432,0.9697,0.97027,1.50,1.10
2010.11.12 04:41:29.483,0.9697,0.97032,1.90,2.50
2010.11.12 04:41:31.597,0.9697,0.97027,1.50,1.10
2010.11.12 04:41:33.631,0.9697,0.97027,1.50,1.10
2010.11.12 04:41:35.803,0.9697,0.97027,1.50,1.10
2010.11.12 04:41:36.131,0.9698,0.97033,1.50,1.10
2010.11.12 04:41:37.911,0.96989,0.97034,1.50,1.40
2010.11.12 04:41:38.681,0.9699,0.97042,1.50,1.10
2010.11.12 04:41:40.202,0.9698,0.97042,2.10,2.60
2010.11.12 04:41:40.420,0.9699,0.97042,1.50,1.10
2010.11.12 04:41:41.660,0.9698,0.97042,1.90,2.60
2010.11.12 04:41:43.853,0.9698,0.97042,1.90,2.60
2010.11.12 04:41:44.631,0.9698,0.97042,1.50,2.50
2010.11.12 04:41:45.181,0.9697,0.97041,1.60,2.50
2010.11.12 04:41:47.429,0.9697,0.97035,1.50,1.10
2010.11.12 04:41:47.557,0.9698,0.97042,1.50,1.90
2010.11.12 04:41:48.920,0.9699,0.97037,1.50,1.10
2010.11.12 04:41:50.302,0.9699,0.97039,1.50,1.10
2010.11.12 04:41:50.966,0.9698,0.97039,1.70,1.10
2010.11.12 04:41:51.071,0.9698,0.97033,1.50,1.10
2010.11.12 04:41:51.881,0.9699,0.97033,1.50,1.10
2010.11.12 04:41:52.530,0.9698,0.97037,1.50,1.10
2010.11.12 04:41:53.910,0.9699,0.97032,1.50,1.10
2010.11.12 04:41:54.350,0.9698,0.97032,1.50,1.10
2010.11.12 04:41:55.625,0.9699,0.97032,1.50,1.10
2010.11.12 04:41:55.843,0.9698,0.97029,1.50,1.10
2010.11.12 04:41:55.952,0.9697,0.97029,1.70,1.10
2010.11.12 04:41:56.061,0.9697,0.97032,1.50,2.60
2010.11.12 04:41:56.706,0.9697,0.97031,1.50,1.10
2010.11.12 04:41:57.304,0.9697,0.97027,1.50,1.10
2010.11.12 04:41:59.410,0.9698,0.97027,1.50,1.10
2010.11.12 04:42:01.613,0.9698,0.97027,1.50,1.10
2010.11.12 04:42:03.841,0.9698,0.97027,1.50,1.10
2010.11.12 04:42:04.770,0.96989,0.9703,1.50,1.10
2010.11.12 04:42:07.063,0.96989,0.97036,1.50,2.80
2010.11.12 04:42:09.463,0.9699,0.97039,1.50,2.60
2010.11.12 04:42:11.643,0.9699,0.97039,1.50,2.60
2010.11.12 04:42:12.211,0.96999,0.97043,1.50,1.10
2010.11.12 04:42:12.430,0.9699,0.97039,1.50,2.40
2010.11.12 04:42:14.473,0.9699,0.97039,1.50,2.40
2010.11.12 04:42:16.570,0.96989,0.97035,1.50,2.40
2010.11.12 04:42:18.583,0.96989,0.97035,1.50,2.40
2010.11.12 04:42:20.884,0.96989,0.97035,1.50,2.40
2010.11.12 04:42:23.004,0.96989,0.97035,1.50,2.40
2010.11.12 04:42:25.090,0.96989,0.97035,1.50,2.40
2010.11.12 04:42:27.423,0.96989,0.97035,1.50,1.10
2010.11.12 04:42:29.513,0.96989,0.97035,1.50,2.30
2010.11.12 04:42:31.762,0.9699,0.9704,1.50,2.40
2010.11.12 04:42:32.782,0.96999,0.9704,1.50,1.10
2010.11.12 04:42:34.978,0.96999,0.97045,1.50,2.30
2010.11.12 04:42:37.040,0.97,0.97045,1.50,2.30
2010.11.12 04:42:38.580,0.97,0.97038,1.50,1.10
2010.11.12 04:42:38.691,0.96979,0.97026,1.50,1.40
2010.11.12 04:42:40.932,0.96979,0.97025,1.50,1.10
2010.11.12 04:42:43.183,0.96979,0.97025,1.50,1.10
2010.11.12 04:42:45.544,0.96979,0.97025,1.50,1.10
2010.11.12 04:42:47.441,0.9698,0.97034,1.70,1.10
2010.11.12 04:42:47.990,0.96979,0.97041,1.70,4.10
2010.11.12 04:42:50.011,0.96979,0.97041,1.70,4.10
2010.11.12 04:42:52.312,0.9698,0.97042,1.50,1.90
2010.11.12 04:42:54.393,0.9698,0.97042,1.50,1.90
2010.11.12 04:42:55.565,0.9698,0.97042,1.50,4.80
2010.11.12 04:42:56.733,0.9699,0.97039,1.50,1.40
2010.11.12 04:42:57.062,0.96989,0.97041,1.50,1.50
2010.11.12 04:42:57.633,0.9698,0.97036,1.50,1.10
2010.11.12 04:42:59.952,0.9698,0.97036,1.50,2.40
2010.11.12 04:43:02.164,0.9698,0.97036,1.50,3.40
2010.11.12 04:43:04.284,0.9698,0.97036,1.50,3.20
2010.11.12 04:43:06.389,0.9698,0.97036,1.50,3.40
2010.11.12 04:43:06.515,0.9698,0.97036,1.50,3.50
2010.11.12 04:43:08.663,0.9698,0.97036,1.50,1.40
2010.11.12 04:43:09.411,0.9698,0.97036,1.50,1.50
2010.11.12 04:43:11.501,0.96989,0.97035,1.50,2.30
2010.11.12 04:43:13.540,0.96989,0.97035,1.50,1.10
2010.11.12 04:43:15.663,0.9699,0.97035,1.50,1.10
2010.11.12 04:43:17.973,0.9699,0.97035,1.50,1.10
2010.11.12 04:43:20.031,0.9699,0.97035,1.50,1.10
2010.11.12 04:43:22.033,0.9699,0.97035,1.50,1.10
2010.11.12 04:43:23.771,0.9699,0.97032,1.50,1.40
2010.11.12 04:43:23.991,0.96979,0.97028,1.50,1.10
2010.11.12 04:43:26.023,0.96979,0.97028,1.50,1.10
2010.11.12 04:43:27.741,0.9698,0.97034,1.70,1.10
2010.11.12 04:43:30.003,0.9698,0.9704,1.50,3.80
2010.11.12 04:43:32.447,0.9698,0.9704,1.50,3.80
2010.11.12 04:43:34.432,0.9698,0.9704,1.50,3.80
2010.11.12 04:43:36.673,0.9698,0.9704,1.50,3.80
2010.11.12 04:43:38.716,0.9698,0.97039,1.50,1.40
2010.11.12 04:43:40.780,0.9698,0.97035,1.50,1.60
2010.11.12 04:43:42.787,0.96979,0.97025,1.50,1.10
2010.11.12 04:43:44.821,0.9698,0.97029,1.50,2.80
2010.11.12 04:43:46.161,0.96969,0.97017,1.50,1.10
2010.11.12 04:43:46.383,0.9696,0.97018,1.50,1.10
2010.11.12 04:43:46.601,0.9695,0.97012,1.80,2.50
2010.11.12 04:43:48.683,0.9695,0.97012,1.70,1.70
2010.11.12 04:43:49.455,0.9696,0.97018,1.50,1.10
2010.11.12 04:43:51.470,0.9696,0.97022,1.70,2.20
2010.11.12 04:43:53.471,0.9696,0.97022,1.50,2.20
2010.11.12 04:43:55.616,0.9696,0.97022,1.50,2.40
2010.11.12 04:43:57.336,0.9695,0.97012,1.70,1.70
2010.11.12 04:43:59.607,0.9695,0.97012,1.70,1.90
2010.11.12 04:44:02.039,0.9695,0.97012,1.70,1.90
2010.11.12 04:44:03.723,0.9695,0.97012,1.70,1.90
2010.11.12 04:44:05.837,0.9695,0.97012,1.70,1.90
2010.11.12 04:44:07.933,0.9695,0.97012,1.70,1.90
2010.11.12 04:44:10.047,0.9695,0.97012,1.70,1.90
2010.11.12 04:44:11.340,0.9695,0.97012,1.70,4.40
2010.11.12 04:44:13.771,0.9695,0.97012,1.70,4.40
2010.11.12 04:44:14.101,0.9695,0.97012,1.50,4.30
2010.11.12 04:44:16.201,0.9695,0.97019,1.50,1.30
2010.11.12 04:44:17.441,0.9696,0.97019,1.50,1.30
2010.11.12 04:44:19.521,0.9696,0.97022,1.50,5.70
2010.11.12 04:44:19.851,0.9695,0.97012,1.50,1.70
2010.11.12 04:44:22.063,0.9695,0.97012,1.50,1.70
2010.11.12 04:44:24.511,0.9695,0.97012,1.50,1.70
2010.11.12 04:44:26.581,0.9695,0.97012,1.50,1.70
2010.11.12 04:44:28.979,0.9695,0.97012,1.50,1.70
2010.11.12 04:44:31.109,0.9695,0.97012,1.50,2.10
2010.11.12 04:44:33.373,0.9695,0.97012,1.50,2.10
2010.11.12 04:44:35.848,0.9695,0.97012,1.50,2.10
2010.11.12 04:44:37.554,0.9695,0.97012,1.50,2.10
2010.11.12 04:44:39.673,0.9695,0.97012,1.50,2.10
2010.11.12 04:44:42.034,0.9695,0.97012,1.50,2.10
2010.11.12 04:44:44.101,0.9695,0.97012,1.50,2.20
2010.11.12 04:44:46.303,0.9695,0.97012,1.50,2.20
2010.11.12 04:44:48.317,0.9695,0.97012,1.50,2.20
2010.11.12 04:44:50.643,0.9695,0.97012,1.50,2.20
2010.11.12 04:44:52.773,0.9695,0.97012,1.50,2.20
2010.11.12 04:44:54.819,0.9695,0.97012,1.50,2.20
2010.11.12 04:44:56.844,0.9695,0.97012,1.50,2.20
2010.11.12 04:44:59.004,0.9695,0.97012,1.50,2.20
2010.11.12 04:45:01.109,0.9695,0.97012,1.50,2.20
2010.11.12 04:45:02.122,0.9697,0.97016,1.50,1.70
2010.11.12 04:45:04.453,0.9697,0.97023,1.50,1.20
2010.11.12 04:45:06.618,0.9697,0.97023,1.50,1.20
2010.11.12 04:45:08.634,0.9697,0.97023,1.50,1.20
2010.11.12 04:45:10.656,0.9697,0.97025,1.50,1.60
2010.11.12 04:45:12.683,0.9697,0.97025,1.50,1.60
2010.11.12 04:45:14.854,0.9697,0.9702,1.50,2.30
2010.11.12 04:45:17.093,0.9697,0.9702,1.50,2.30
2010.11.12 04:45:19.128,0.9697,0.97029,1.50,2.70
2010.11.12 04:45:21.413,0.9697,0.97029,1.50,2.70
2010.11.12 04:45:23.814,0.9697,0.97029,1.50,2.70
2010.11.12 04:45:25.912,0.9697,0.97025,1.50,1.60
2010.11.12 04:45:27.923,0.9697,0.97025,1.50,1.60
2010.11.12 04:45:30.153,0.9697,0.97025,1.50,1.60
2010.11.12 04:45:30.712,0.9697,0.97029,1.50,2.80
2010.11.12 04:45:32.965,0.9696,0.97022,2.50,1.90
2010.11.12 04:45:34.932,0.9697,0.97029,1.50,2.30
2010.11.12 04:45:37.144,0.9697,0.97029,1.50,2.30
2010.11.12 04:45:39.223,0.9697,0.97027,1.50,2.50
2010.11.12 04:45:41.434,0.9697,0.97027,1.50,2.50
2010.11.12 04:45:41.541,0.96955,0.97017,1.70,2.60
2010.11.12 04:45:43.561,0.96955,0.97017,1.70,2.60
2010.11.12 04:45:45.633,0.9695,0.97012,2.50,1.50
2010.11.12 04:45:47.643,0.9695,0.97012,2.50,1.50
2010.11.12 04:45:49.720,0.9695,0.97012,2.50,1.50
2010.11.12 04:45:51.791,0.9695,0.97012,2.50,1.50
2010.11.12 04:45:54.075,0.9695,0.97012,2.50,1.50
2010.11.12 04:45:56.233,0.9695,0.97012,2.50,1.50
2010.11.12 04:45:58.276,0.9695,0.97012,2.50,2.50
2010.11.12 04:46:00.543,0.9695,0.97012,2.50,2.50
2010.11.12 04:46:02.863,0.9695,0.97012,2.50,2.50
2010.11.12 04:46:04.893,0.9695,0.97012,2.50,2.50
2010.11.12 04:46:07.003,0.9695,0.97012,2.50,2.60
2010.11.12 04:46:09.108,0.9695,0.97012,2.50,2.60
2010.11.12 04:46:11.513,0.9695,0.97012,2.50,2.80
2010.11.12 04:46:13.494,0.9695,0.97012,2.50,2.60
2010.11.12 04:46:15.527,0.9695,0.97012,2.50,2.80
2010.11.12 04:46:17.844,0.9695,0.97012,2.50,2.60
2010.11.12 04:46:19.863,0.9695,0.97012,2.50,2.60
2010.11.12 04:46:22.003,0.9695,0.97012,2.50,2.60
2010.11.12 04:46:24.044,0.9695,0.97012,2.50,2.60
2010.11.12 04:46:26.164,0.9695,0.97012,2.50,2.60
2010.11.12 04:46:28.194,0.9695,0.97012,2.50,2.60
2010.11.12 04:46:30.215,0.96955,0.97012,1.70,1.10
2010.11.12 04:46:32.383,0.96955,0.97012,1.70,1.10
2010.11.12 04:46:34.504,0.96955,0.97012,1.70,1.10
2010.11.12 04:46:36.769,0.96955,0.97012,1.70,1.10
2010.11.12 04:46:37.772,0.9697,0.97019,1.50,2.80
2010.11.12 04:46:39.929,0.9697,0.97019,1.50,2.40
2010.11.12 04:46:42.262,0.9697,0.97019,1.50,2.40
2010.11.12 04:46:44.283,0.9697,0.97019,1.50,2.40
2010.11.12 04:46:46.380,0.9697,0.97019,1.50,2.30
2010.11.12 04:46:48.524,0.9697,0.97019,1.50,2.40
2010.11.12 04:46:50.653,0.9697,0.97019,1.50,2.40
2010.11.12 04:46:52.905,0.9697,0.97019,1.50,2.40
2010.11.12 04:46:55.123,0.9697,0.97019,1.50,2.30
2010.11.12 04:46:57.201,0.9697,0.97019,1.50,2.40
2010.11.12 04:46:59.433,0.9697,0.97019,1.50,2.40
2010.11.12 04:47:01.553,0.9697,0.97019,1.50,2.40
2010.11.12 04:47:03.693,0.9697,0.97019,1.50,2.40
2010.11.12 04:47:05.815,0.9697,0.97019,1.50,2.40
2010.11.12 04:47:07.851,0.96969,0.97019,1.50,2.40
2010.11.12 04:47:09.923,0.96969,0.97014,1.50,1.10
2010.11.12 04:47:12.044,0.96969,0.97014,1.50,1.10
2010.11.12 04:47:14.205,0.96969,0.97014,1.50,2.60
2010.11.12 04:47:16.213,0.96969,0.97014,1.50,2.60
2010.11.12 04:47:18.334,0.96969,0.97014,1.50,2.60
2010.11.12 04:47:20.513,0.96969,0.97014,1.50,1.10
2010.11.12 04:47:22.714,0.96969,0.97014,1.50,1.10
2010.11.12 04:47:25.043,0.96969,0.97014,1.50,1.10
2010.11.12 04:47:27.363,0.96969,0.97014,1.50,1.10
2010.11.12 04:47:29.454,0.96969,0.97014,1.50,1.10
2010.11.12 04:47:31.614,0.96969,0.97014,1.50,1.10
2010.11.12 04:47:33.643,0.96969,0.97014,1.50,1.10
2010.11.12 04:47:35.735,0.96969,0.97019,1.50,1.10
2010.11.12 04:47:37.853,0.96969,0.97019,1.50,1.10
2010.11.12 04:47:39.954,0.96969,0.97019,1.50,1.10
2010.11.12 04:47:41.971,0.96969,0.97013,1.50,1.40
2010.11.12 04:47:44.112,0.96969,0.97013,1.50,2.60
2010.11.12 04:47:46.223,0.96969,0.97013,1.50,1.50
2010.11.12 04:47:48.333,0.96969,0.97013,1.50,1.50
2010.11.12 04:47:50.815,0.96969,0.97013,1.50,1.50
2010.11.12 04:47:50.925,0.96955,0.97013,2.10,1.50
2010.11.12 04:47:53.144,0.9695,0.9701,6.60,1.10
2010.11.12 04:47:55.241,0.9695,0.9701,2.50,1.10
2010.11.12 04:47:57.275,0.9695,0.9701,2.50,1.10
2010.11.12 04:47:59.346,0.9695,0.9701,2.50,1.10
2010.11.12 04:48:01.353,0.96955,0.97014,2.10,1.10
2010.11.12 04:48:03.623,0.9695,0.97012,6.60,2.60
2010.11.12 04:48:05.753,0.9695,0.97012,6.60,2.60
2010.11.12 04:48:07.983,0.9695,0.9701,2.90,1.10
2010.11.12 04:48:10.467,0.9695,0.9701,2.90,1.10
2010.11.12 04:48:12.764,0.9695,0.9701,2.90,1.10
2010.11.12 04:48:14.875,0.9695,0.97012,2.90,2.90
2010.11.12 04:48:16.930,0.9695,0.97012,2.90,2.90
2010.11.12 04:48:19.014,0.9695,0.97012,2.90,2.90
2010.11.12 04:48:21.114,0.9695,0.97012,2.90,2.90
2010.11.12 04:48:23.334,0.9695,0.97012,2.90,2.90
2010.11.12 04:48:25.567,0.9695,0.97012,2.50,2.50
2010.11.12 04:48:27.679,0.9695,0.97012,2.50,2.50
2010.11.12 04:48:30.139,0.9695,0.97012,1.50,2.60
2010.11.12 04:48:30.258,0.9694,0.97002,1.70,2.50
2010.11.12 04:48:32.323,0.9694,0.97002,1.70,2.50
2010.11.12 04:48:34.333,0.9694,0.97002,1.70,2.50
2010.11.12 04:48:36.525,0.9694,0.97002,1.70,2.60
2010.11.12 04:48:38.604,0.9694,0.97002,1.70,2.60
2010.11.12 04:48:40.624,0.9694,0.97,1.70,1.10
2010.11.12 04:48:42.660,0.9694,0.97,1.70,1.10
2010.11.12 04:48:44.714,0.9694,0.97,1.70,1.10
2010.11.12 04:48:46.973,0.9694,0.97,1.70,1.10
2010.11.12 04:48:49.051,0.9694,0.97,1.70,1.10
2010.11.12 04:48:51.117,0.9694,0.97002,1.70,2.50
2010.11.12 04:48:53.263,0.9694,0.97002,1.70,2.50
2010.11.12 04:48:55.304,0.9694,0.97002,1.70,2.50
2010.11.12 04:48:57.413,0.9694,0.97002,1.70,2.50
2010.11.12 04:48:59.464,0.9694,0.97002,1.70,2.50
2010.11.12 04:49:01.692,0.9694,0.97002,1.70,2.50
2010.11.12 04:49:03.824,0.9694,0.97002,1.70,2.50
2010.11.12 04:49:06.064,0.9694,0.97002,1.70,2.50
2010.11.12 04:49:06.603,0.9694,0.97002,1.50,2.50
2010.11.12 04:49:08.844,0.9694,0.97002,1.50,2.50
2010.11.12 04:49:09.400,0.96951,0.97003,1.50,1.10
2010.11.12 04:49:11.488,0.96951,0.97003,1.50,1.10
2010.11.12 04:49:13.504,0.96951,0.96998,1.50,1.10
2010.11.12 04:49:15.574,0.96951,0.96998,1.50,1.10
2010.11.12 04:49:17.664,0.96951,0.96997,1.50,1.10
2010.11.12 04:49:19.823,0.96951,0.97003,1.50,1.10
2010.11.12 04:49:21.873,0.96951,0.97003,1.50,1.10
2010.11.12 04:49:23.491,0.9694,0.96998,1.50,1.10
2010.11.12 04:49:26.092,0.9694,0.97002,1.50,2.60
2010.11.12 04:49:28.394,0.9694,0.97002,1.50,2.60
2010.11.12 04:49:30.494,0.9694,0.97002,1.50,2.60
2010.11.12 04:49:32.703,0.9694,0.97002,1.50,2.60
2010.11.12 04:49:34.934,0.9694,0.97002,1.50,2.60
2010.11.12 04:49:37.096,0.9694,0.97002,1.60,2.50
2010.11.12 04:49:39.337,0.9694,0.97002,1.60,2.50
2010.11.12 04:49:41.703,0.9694,0.97002,1.60,2.50
2010.11.12 04:49:44.117,0.9694,0.97002,1.50,2.50
2010.11.12 04:49:46.147,0.9694,0.97002,1.70,2.60
2010.11.12 04:49:48.264,0.9694,0.97002,1.70,2.60
2010.11.12 04:49:50.543,0.9694,0.97002,1.70,2.60
2010.11.12 04:49:53.121,0.9694,0.97002,1.70,2.60
2010.11.12 04:49:55.111,0.9694,0.97002,1.70,2.60
2010.11.12 04:49:55.441,0.96951,0.97002,1.50,1.40
2010.11.12 04:49:57.783,0.96951,0.97002,1.50,1.40
2010.11.12 04:50:00.074,0.96951,0.97002,1.50,1.50
2010.11.12 04:50:02.143,0.96951,0.97002,1.50,1.40
2010.11.12 04:50:04.246,0.96951,0.97002,1.50,1.40
2010.11.12 04:50:06.571,0.96951,0.97002,1.50,1.40
2010.11.12 04:50:06.681,0.96951,0.97007,1.50,1.10
2010.11.12 04:50:08.767,0.96921,0.96988,2.40,2.90
2010.11.12 04:50:10.823,0.96921,0.96983,1.70,2.50
2010.11.12 04:50:11.151,0.96931,0.96992,1.50,1.10
2010.11.12 04:50:11.371,0.96921,0.96983,1.70,2.50
2010.11.12 04:50:13.382,0.9693,0.96992,1.50,2.50
2010.11.12 04:50:15.453,0.9693,0.96992,1.50,2.50
2010.11.12 04:50:17.687,0.9693,0.96992,1.50,2.50
2010.11.12 04:50:19.904,0.9693,0.96988,1.50,1.10
2010.11.12 04:50:21.914,0.9693,0.96988,1.50,1.10
2010.11.12 04:50:23.943,0.96931,0.96988,1.50,2.40
2010.11.12 04:50:24.273,0.96921,0.96983,1.90,2.50
2010.11.12 04:50:26.363,0.96921,0.96983,1.90,2.50
2010.11.12 04:50:28.383,0.96921,0.96982,1.80,1.10
2010.11.12 04:50:30.419,0.96921,0.96982,1.80,1.10
2010.11.12 04:50:32.524,0.96921,0.96982,1.80,1.10
2010.11.12 04:50:34.843,0.96921,0.96982,1.80,1.10
2010.11.12 04:50:39.009,0.96921,0.96983,4.30,2.50
2010.11.12 04:50:41.217,0.96921,0.96983,1.80,2.60
2010.11.12 04:50:43.424,0.96921,0.96982,1.80,1.10
2010.11.12 04:50:45.683,0.96921,0.96981,1.90,1.10
2010.11.12 04:50:48.079,0.96921,0.96981,1.90,1.10
2010.11.12 04:50:50.185,0.96921,0.96983,1.80,2.60
2010.11.12 04:50:52.514,0.96921,0.96983,1.80,2.60
2010.11.12 04:50:54.949,0.96921,0.96983,1.80,2.60
2010.11.12 04:50:57.374,0.96921,0.96983,1.80,2.60
2010.11.12 04:50:59.044,0.96921,0.96983,1.80,2.60
2010.11.12 04:51:01.203,0.96921,0.96983,1.80,2.60
2010.11.12 04:51:03.434,0.96921,0.96983,1.80,2.60
2010.11.12 04:51:05.654,0.96921,0.96983,1.80,2.60
2010.11.12 04:51:07.706,0.96921,0.96983,1.80,2.60
2010.11.12 04:51:09.814,0.96921,0.96983,1.80,2.60
2010.11.12 04:51:11.824,0.96921,0.96983,1.80,2.60
2010.11.12 04:51:13.914,0.96921,0.96983,1.80,2.60
2010.11.12 04:51:16.115,0.96921,0.96983,1.80,2.60
2010.11.12 04:51:18.224,0.96921,0.96983,1.80,2.60
2010.11.12 04:51:20.643,0.96921,0.96983,1.80,2.60
2010.11.12 04:51:22.644,0.96921,0.96983,1.80,2.60
2010.11.12 04:51:24.364,0.96921,0.96983,1.60,1.60
2010.11.12 04:51:26.624,0.96921,0.96983,1.60,1.60
2010.11.12 04:51:28.944,0.96921,0.96983,1.60,1.60
2010.11.12 04:51:31.104,0.96921,0.96983,1.60,1.60
2010.11.12 04:51:33.424,0.96921,0.96983,1.60,1.60
2010.11.12 04:51:35.591,0.96921,0.96983,1.60,1.60
2010.11.12 04:51:37.894,0.96921,0.96983,1.60,1.60
2010.11.12 04:51:39.352,0.96921,0.96983,1.70,1.50
2010.11.12 04:51:41.444,0.96921,0.96983,1.70,1.50
2010.11.12 04:51:42.220,0.96921,0.96983,1.50,1.70
2010.11.12 04:51:44.234,0.96921,0.96983,1.50,1.70
2010.11.12 04:51:46.353,0.96921,0.96983,1.50,1.70
2010.11.12 04:51:49.114,0.96921,0.96983,1.50,1.70
2010.11.12 04:51:51.113,0.96921,0.96983,1.50,1.70
2010.11.12 04:51:53.213,0.96921,0.96983,1.50,1.70
2010.11.12 04:51:55.304,0.96921,0.96983,1.50,1.70
2010.11.12 04:51:57.803,0.96921,0.96983,1.50,1.70
2010.11.12 04:51:58.531,0.96931,0.96991,1.50,1.20
2010.11.12 04:52:00.014,0.9694,0.96986,1.50,2.40
2010.11.12 04:52:02.152,0.9694,0.96986,1.50,1.50
2010.11.12 04:52:04.409,0.9694,0.96986,1.50,1.50
2010.11.12 04:52:06.554,0.9694,0.96986,1.50,1.50
2010.11.12 04:52:08.804,0.9694,0.96986,1.50,1.50
2010.11.12 04:52:11.151,0.9694,0.96986,1.50,1.50
2010.11.12 04:52:13.396,0.9694,0.96986,1.50,1.50
2010.11.12 04:52:15.876,0.9694,0.96986,1.50,1.50
2010.11.12 04:52:18.353,0.9694,0.96986,1.50,1.50
2010.11.12 04:52:20.454,0.9694,0.96986,1.50,1.50
2010.11.12 04:52:22.463,0.9694,0.96986,1.50,1.40
2010.11.12 04:52:24.585,0.9694,0.96986,1.50,1.40
2010.11.12 04:52:26.684,0.9694,0.96986,1.50,1.50
2010.11.12 04:52:28.844,0.9694,0.96986,1.50,1.40
2010.11.12 04:52:31.150,0.9694,0.96986,1.50,1.50
2010.11.12 04:52:33.154,0.9694,0.96986,1.50,3.40
2010.11.12 04:52:35.444,0.9694,0.96986,1.50,3.40
2010.11.12 04:52:37.837,0.9694,0.96986,1.50,3.40
2010.11.12 04:52:39.844,0.9694,0.96986,1.50,3.40
2010.11.12 04:52:41.954,0.9694,0.96986,1.50,3.20
2010.11.12 04:52:44.025,0.9694,0.96986,1.50,3.20
2010.11.12 04:52:46.178,0.9694,0.96986,1.50,1.40
2010.11.12 04:52:48.444,0.9694,0.96986,1.50,1.40
2010.11.12 04:52:50.886,0.9694,0.96986,1.50,1.40
2010.11.12 04:52:53.184,0.9694,0.96986,1.50,1.40
2010.11.12 04:52:55.388,0.9694,0.96986,1.50,1.40
2010.11.12 04:52:57.395,0.9694,0.96986,1.50,2.60
2010.11.12 04:52:59.887,0.9694,0.96986,1.50,2.60
2010.11.12 04:53:02.217,0.9694,0.96989,1.50,1.50
2010.11.12 04:53:04.475,0.9694,0.96989,1.50,1.50
2010.11.12 04:53:06.778,0.9694,0.9699,1.50,1.50
2010.11.12 04:53:09.075,0.9694,0.9699,1.50,1.50
2010.11.12 04:53:11.384,0.9694,0.9699,1.50,1.50
2010.11.12 04:53:13.505,0.9694,0.96992,1.50,1.80
2010.11.12 04:53:15.774,0.9694,0.96992,1.50,2.20
2010.11.12 04:53:18.055,0.9694,0.96992,1.50,2.20
2010.11.12 04:53:20.435,0.9694,0.96992,1.50,2.20
2010.11.12 04:53:22.904,0.9694,0.96992,1.50,2.20
2010.11.12 04:53:24.046,0.9694,0.96993,1.50,1.30
2010.11.12 04:53:26.094,0.9694,0.96998,1.50,2.10
2010.11.12 04:53:27.043,0.96926,0.96988,1.70,1.70
2010.11.12 04:53:27.264,0.96941,0.96992,1.50,1.10
2010.11.12 04:53:29.375,0.96941,0.96992,1.50,1.10
2010.11.12 04:53:31.605,0.96941,0.96993,1.50,1.10
2010.11.12 04:53:33.915,0.96941,0.96993,1.50,1.10
2010.11.12 04:53:36.225,0.96941,0.96993,1.50,1.10
2010.11.12 04:53:38.505,0.96941,0.96992,1.50,1.10
2010.11.12 04:53:41.207,0.96941,0.96992,1.50,1.10
2010.11.12 04:53:43.731,0.96941,0.96992,1.50,1.10
2010.11.12 04:53:46.046,0.96941,0.96992,1.50,1.10
2010.11.12 04:53:48.165,0.96941,0.96993,1.50,1.10
2010.11.12 04:53:50.386,0.96941,0.96993,1.50,1.10
2010.11.12 04:53:52.405,0.96941,0.96993,1.50,1.10
2010.11.12 04:53:54.637,0.96941,0.96993,1.50,1.10
2010.11.12 04:53:56.755,0.96941,0.96993,1.50,1.10
2010.11.12 04:53:58.795,0.96941,0.96993,1.50,1.10
2010.11.12 04:54:00.862,0.96941,0.96993,1.50,1.10
2010.11.12 04:54:01.082,0.96931,0.96993,1.50,2.60
2010.11.12 04:54:02.192,0.96941,0.96992,1.50,1.40
2010.11.12 04:54:04.284,0.96941,0.96991,1.50,1.40
2010.11.12 04:54:06.374,0.96941,0.96991,1.50,1.40
2010.11.12 04:54:08.375,0.96941,0.96991,1.50,1.40
2010.11.12 04:54:10.465,0.96941,0.96991,1.50,1.40
2010.11.12 04:54:12.786,0.96941,0.96993,1.50,1.10
2010.11.12 04:54:14.895,0.96941,0.96993,1.50,1.10
2010.11.12 04:54:17.042,0.96941,0.96989,1.50,1.40
2010.11.12 04:54:19.742,0.96941,0.96989,1.50,1.40
2010.11.12 04:54:21.414,0.96941,0.96989,1.50,1.40
2010.11.12 04:54:23.515,0.96941,0.96989,1.50,1.40
2010.11.12 04:54:25.655,0.96941,0.96989,1.50,1.40
2010.11.12 04:54:27.682,0.96941,0.96989,1.50,1.40
2010.11.12 04:54:29.709,0.96941,0.96989,1.50,1.40
2010.11.12 04:54:31.885,0.96941,0.96989,1.50,1.40
2010.11.12 04:54:34.454,0.96941,0.96989,1.50,1.40
2010.11.12 04:54:36.775,0.96941,0.96989,1.50,1.40
2010.11.12 04:54:38.995,0.96941,0.96989,1.50,1.40
2010.11.12 04:54:41.265,0.96941,0.96989,1.50,1.40
2010.11.12 04:54:43.375,0.96941,0.96989,1.50,1.40
2010.11.12 04:54:45.486,0.96941,0.96989,1.50,1.40
2010.11.12 04:54:47.525,0.96941,0.96992,1.50,1.10
2010.11.12 04:54:49.583,0.96941,0.96992,1.50,1.10
2010.11.12 04:54:51.736,0.96941,0.96992,1.50,1.10
2010.11.12 04:54:53.765,0.96941,0.96992,1.50,1.10
2010.11.12 04:54:55.955,0.96941,0.96992,1.50,1.10
2010.11.12 04:54:58.110,0.96941,0.96992,1.50,1.10
2010.11.12 04:55:00.137,0.96941,0.96992,1.50,1.10
2010.11.12 04:55:02.126,0.96941,0.96992,1.50,1.10
2010.11.12 04:55:03.678,0.96941,0.97002,1.50,1.20
2010.11.12 04:55:05.976,0.96941,0.97002,1.50,1.20
2010.11.12 04:55:08.185,0.96941,0.97002,1.50,1.20
2010.11.12 04:55:10.405,0.96941,0.97002,1.50,1.20
2010.11.12 04:55:12.754,0.96941,0.97002,1.50,1.20
2010.11.12 04:55:14.745,0.96941,0.97002,1.50,1.20
2010.11.12 04:55:16.752,0.96941,0.97002,1.50,1.20
2010.11.12 04:55:18.852,0.96941,0.97002,1.50,1.20
2010.11.12 04:55:21.548,0.96941,0.97002,1.50,1.20
2010.11.12 04:55:23.224,0.96941,0.97003,1.50,2.30
2010.11.12 04:55:25.365,0.96941,0.97003,1.50,2.30
2010.11.12 04:55:27.674,0.96941,0.97003,1.50,2.30
2010.11.12 04:55:30.208,0.96941,0.97003,1.50,2.30
2010.11.12 04:55:31.793,0.96941,0.97003,1.50,2.30
2010.11.12 04:55:33.954,0.96941,0.97003,1.50,2.30
2010.11.12 04:55:38.474,0.96941,0.97003,1.50,2.30
2010.11.12 04:55:38.691,0.9693,0.96992,1.50,1.50
2010.11.12 04:55:38.802,0.9693,0.96987,1.50,1.10
2010.11.12 04:55:40.965,0.96931,0.96987,1.50,1.10
2010.11.12 04:55:43.149,0.96931,0.96987,1.50,1.10
2010.11.12 04:55:45.197,0.96931,0.96987,1.50,1.10
2010.11.12 04:55:47.236,0.96931,0.96987,1.50,1.10
2010.11.12 04:55:49.365,0.96931,0.96987,1.50,1.10
2010.11.12 04:55:51.516,0.96931,0.96987,1.50,1.10
2010.11.12 04:55:53.975,0.96931,0.96987,1.50,1.10
2010.11.12 04:55:56.015,0.96931,0.96987,1.50,1.10
2010.11.12 04:55:58.155,0.96931,0.96987,1.50,1.10
2010.11.12 04:56:00.265,0.96931,0.96987,1.50,1.10
2010.11.12 04:56:02.485,0.96931,0.96987,1.50,1.10
2010.11.12 04:56:04.933,0.96931,0.96987,1.50,1.10
2010.11.12 04:56:07.067,0.96931,0.96987,1.50,1.10
2010.11.12 04:56:09.174,0.96931,0.96987,1.50,1.10
2010.11.12 04:56:11.435,0.96931,0.96987,1.50,1.10
2010.11.12 04:56:13.715,0.96931,0.96987,1.50,1.10
2010.11.12 04:56:16.025,0.96931,0.96987,1.50,1.10
2010.11.12 04:56:18.244,0.96931,0.96987,1.50,1.10
2010.11.12 04:56:22.386,0.96931,0.96987,1.50,1.10
2010.11.12 04:56:24.432,0.96931,0.96986,1.50,1.40
2010.11.12 04:56:26.465,0.96931,0.96986,1.50,1.40
2010.11.12 04:56:28.605,0.96931,0.96986,1.50,1.40
2010.11.12 04:56:30.747,0.96931,0.96986,1.50,1.40
2010.11.12 04:56:33.039,0.96931,0.96984,1.50,1.10
2010.11.12 04:56:35.083,0.96931,0.96984,1.50,1.10
2010.11.12 04:56:37.096,0.96931,0.96984,1.50,1.10
2010.11.12 04:56:39.394,0.96931,0.9699,1.50,1.70
2010.11.12 04:56:41.485,0.96931,0.9699,1.50,1.70
2010.11.12 04:56:43.605,0.96931,0.9699,1.50,1.70
2010.11.12 04:56:45.745,0.96931,0.9699,1.50,1.70
2010.11.12 04:56:47.839,0.96931,0.9699,1.50,1.70
2010.11.12 04:56:49.980,0.96931,0.9699,1.50,1.70
2010.11.12 04:56:52.035,0.96931,0.9699,1.50,1.70
2010.11.12 04:56:54.087,0.96931,0.9699,1.50,1.70
2010.11.12 04:56:56.281,0.96931,0.9699,1.50,1.70
2010.11.12 04:56:58.553,0.96931,0.9699,1.50,1.70
2010.11.12 04:56:59.127,0.96914,0.9699,6.60,1.70
2010.11.12 04:56:59.348,0.96931,0.9699,1.50,1.70
2010.11.12 04:57:01.464,0.96931,0.9699,1.50,1.70
2010.11.12 04:57:02.409,0.96916,0.96978,2.90,2.60
2010.11.12 04:57:04.403,0.96916,0.96977,2.50,1.10
2010.11.12 04:57:05.753,0.96909,0.96968,2.90,2.50
2010.11.12 04:57:07.796,0.96902,0.96964,2.50,2.50
2010.11.12 04:57:09.937,0.96902,0.96964,2.50,2.50
2010.11.12 04:57:12.386,0.96902,0.96962,2.50,1.10
2010.11.12 04:57:14.724,0.96902,0.96962,2.50,1.10
2010.11.12 04:57:16.744,0.96902,0.96962,2.50,1.10
2010.11.12 04:57:18.921,0.96902,0.96962,2.50,1.10
2010.11.12 04:57:20.925,0.96902,0.96962,2.50,1.10
2010.11.12 04:57:21.244,0.96903,0.96964,1.10,1.50
2010.11.12 04:57:23.325,0.96916,0.96978,2.50,2.60
2010.11.12 04:57:25.402,0.96916,0.96978,2.50,2.60
2010.11.12 04:57:27.645,0.96922,0.96978,1.70,1.10
2010.11.12 04:57:29.745,0.96922,0.96978,1.70,1.10
2010.11.12 04:57:31.334,0.96916,0.96978,1.70,1.80
2010.11.12 04:57:33.489,0.96916,0.96978,1.80,1.80
2010.11.12 04:57:35.872,0.96916,0.96978,1.80,1.80
2010.11.12 04:57:37.902,0.96916,0.96978,1.80,1.80
2010.11.12 04:57:40.124,0.96916,0.96978,1.70,1.80
2010.11.12 04:57:41.315,0.96921,0.96983,2.50,2.60
2010.11.12 04:57:43.954,0.96921,0.96983,2.50,2.60
2010.11.12 04:57:45.965,0.96921,0.96983,2.50,2.60
2010.11.12 04:57:48.034,0.96921,0.96983,2.50,2.60
2010.11.12 04:57:50.099,0.96916,0.96978,2.50,2.60
2010.11.12 04:57:52.220,0.96921,0.96983,2.50,2.60
2010.11.12 04:57:54.275,0.96921,0.96983,2.50,2.60
2010.11.12 04:57:55.045,0.96921,0.96977,1.50,1.10
2010.11.12 04:57:55.264,0.96912,0.9697,1.50,1.40
2010.11.12 04:57:57.435,0.96912,0.96968,1.50,1.40
2010.11.12 04:57:59.454,0.96912,0.96972,2.50,1.50
2010.11.12 04:58:01.625,0.96916,0.96978,1.70,1.90
2010.11.12 04:58:03.765,0.96922,0.9698,1.50,1.10
2010.11.12 04:58:05.905,0.96916,0.96978,1.70,1.90
2010.11.12 04:58:08.047,0.96916,0.96978,1.70,1.90
2010.11.12 04:58:10.145,0.96916,0.96978,1.70,1.90
2010.11.12 04:58:12.235,0.96916,0.96978,1.70,1.90
2010.11.12 04:58:14.853,0.96916,0.96978,1.70,1.90
2010.11.12 04:58:16.999,0.96916,0.96978,1.70,1.90
2010.11.12 04:58:19.316,0.96916,0.96978,1.70,1.90
2010.11.12 04:58:21.576,0.96916,0.96978,1.70,1.90
2010.11.12 04:58:23.726,0.96916,0.96978,1.70,1.90
2010.11.12 04:58:25.846,0.96916,0.96978,1.70,1.90
2010.11.12 04:58:28.554,0.96916,0.96978,1.70,1.90
2010.11.12 04:58:30.536,0.96916,0.96978,1.70,1.90
2010.11.12 04:58:31.104,0.96921,0.96967,1.50,1.40
2010.11.12 04:58:33.473,0.96921,0.96967,1.50,2.90
2010.11.12 04:58:35.912,0.96921,0.96967,1.50,2.90
2010.11.12 04:58:37.896,0.96921,0.9696,1.50,1.40
2010.11.12 04:58:40.039,0.96921,0.9696,1.50,1.40
2010.11.12 04:58:42.136,0.96921,0.9696,1.50,1.40
2010.11.12 04:58:44.258,0.96921,0.9696,1.50,1.40
2010.11.12 04:58:46.313,0.96922,0.96969,1.50,2.90
2010.11.12 04:58:46.643,0.96911,0.96973,1.50,2.60
2010.11.12 04:58:47.954,0.96922,0.96972,1.50,1.10
2010.11.12 04:58:49.924,0.96912,0.96963,1.50,1.40
2010.11.12 04:58:50.436,0.96912,0.96963,1.50,1.40
2010.11.12 04:58:50.762,0.96902,0.9696,1.50,1.40
2010.11.12 04:58:52.963,0.96902,0.9696,1.50,1.40
2010.11.12 04:58:55.015,0.96902,0.9696,1.50,1.40
2010.11.12 04:58:55.611,0.96912,0.9696,1.50,1.40
2010.11.12 04:58:57.587,0.96912,0.96961,1.50,1.40
2010.11.12 04:58:59.715,0.96912,0.96961,1.50,1.40
2010.11.12 04:59:00.453,0.96921,0.96963,1.50,1.50
2010.11.12 04:59:02.515,0.96921,0.9696,1.50,1.40
2010.11.12 04:59:04.645,0.96921,0.9696,1.50,1.40
2010.11.12 04:59:06.735,0.96922,0.96966,1.50,1.40
2010.11.12 04:59:09.172,0.96922,0.96966,1.50,1.40
2010.11.12 04:59:11.456,0.96922,0.96967,1.50,1.40
2010.11.12 04:59:13.773,0.96921,0.96965,1.50,1.40
2010.11.12 04:59:16.096,0.96921,0.96965,1.50,1.40
2010.11.12 04:59:18.285,0.96921,0.96964,1.50,1.40
2010.11.12 04:59:20.384,0.96921,0.96964,1.50,1.40
2010.11.12 04:59:22.655,0.96921,0.96964,1.50,1.40
2010.11.12 04:59:24.914,0.96921,0.96964,1.50,1.40
2010.11.12 04:59:26.915,0.96921,0.96964,1.50,1.40
2010.11.12 04:59:28.969,0.96921,0.96964,1.50,1.40
2010.11.12 04:59:31.053,0.96921,0.96964,1.50,1.40
2010.11.12 04:59:33.185,0.96921,0.96965,1.50,1.40
2010.11.12 04:59:35.306,0.96921,0.96965,1.50,1.40
2010.11.12 04:59:36.455,0.96921,0.96968,1.50,1.40
2010.11.12 04:59:36.782,0.96931,0.96968,1.50,1.40
2010.11.12 04:59:38.975,0.96931,0.96973,1.50,1.40
2010.11.12 04:59:41.076,0.96931,0.96973,1.50,1.40
2010.11.12 04:59:43.725,0.96931,0.96973,1.50,1.40
2010.11.12 04:59:45.686,0.96931,0.96973,1.50,1.40
2010.11.12 04:59:46.603,0.96922,0.96973,1.50,1.40
2010.11.12 04:59:48.867,0.96922,0.96974,1.50,1.40
2010.11.12 04:59:51.176,0.96922,0.96974,1.50,1.40
2010.11.12 04:59:53.405,0.96922,0.96973,1.50,1.10
2010.11.12 04:59:55.465,0.96922,0.96967,1.50,1.40
2010.11.12 04:59:57.576,0.96922,0.96967,1.50,1.40
2010.11.12 04:59:58.014,0.96921,0.96967,1.50,1.40
2010.11.12 04:59:58.454,0.96921,0.9698,1.70,1.40
2010.11.12 04:59:58.564,0.96932,0.9698,1.50,1.40
2010.11.12 04:59:59.653,0.96921,0.96983,1.70,2.50
